Date,Price,Open,High,Low,Vol.,Change %
"Feb 09, 2018",34005.76,34002.45,34070.73,33849.65,15.73K,-1.18
"Feb 08, 2018",34413.16,34208.11,34634.35,34108.76,36.78K,0.97
"Feb 07, 2018",34082.71,34563.30,34666.33,34008.42,13.52K,-0.33
"Feb 06, 2018",34195.94,33753.78,34521.01,33482.81,23.58K,-1.61
"Feb 05, 2018",34757.16,34718.85,34874.17,34520.80,24.17K,-0.88
"Feb 02, 2018",35066.75,35707.60,35738.13,35006.41,18.60K,-2.34
"Feb 01, 2018",35906.66,36048.99,36256.83,35501.74,26.01K,-0.16
"Jan 31, 2018",35965.02,35951.64,36050.69,35818.41,11.26K,-0.19
"Jan 30, 2018",36033.73,36277.12,36291.82,35993.41,18.70K,-0.69
"Jan 29, 2018",36283.25,36106.36,36443.98,36093.36,17.38K,0.65
"Jan 25, 2018",36050.44,36208.39,36247.02,35823.35,15.62K,-0.31
"Jan 24, 2018",36161.64,36161.62,36268.19,36036.51,26.04K,0.06
"Jan 23, 2018",36139.98,35868.19,36170.83,35863.98,27.82K,0.96
"Jan 22, 2018",35798.01,35613.97,35827.70,35544.68,14.14K,0.81
"Jan 19, 2018",35511.58,35339.11,35542.17,35221.16,36.30K,0.71
"Jan 18, 2018",35260.29,35366.45,35507.36,35166.44,16.17K,0.51
"Jan 17, 2018",35081.82,34753.80,35118.61,34700.82,36.09K,0.89
"Jan 16, 2018",34771.05,34877.71,34936.03,34735.55,55.31K,-0.21
"Jan 15, 2018",34843.51,34687.21,34963.69,34687.21,15.00K,0.73
"Jan 12, 2018",34592.39,34578.99,34638.42,34342.16,8.02K,0.26
"Jan 11, 2018",34503.49,34471.48,34558.88,34400.61,8.25K,0.20
"Jan 10, 2018",34433.07,34538.78,34565.63,34311.63,8.75K,-0.03
"Jan 09, 2018",34443.19,34431.61,34488.03,34343.41,11.48K,0.26
"Jan 08, 2018",34352.79,34216.33,34385.67,34216.33,13.90K,0.58
"Jan 05, 2018",34153.85,34021.27,34188.85,34020.84,15.20K,0.54
"Jan 04, 2018",33969.64,33912.49,33995.40,33802.13,10.82K,0.52
"Jan 03, 2018",33793.38,33929.61,33998.37,33765.43,9.33K,-0.06
"Jan 02, 2018",33812.26,33913.55,33964.14,33703.37,10.95K,0.00
"Jan 01, 2018",33812.75,34059.99,34101.13,33766.15,7.74K,-0.72
"Dec 29, 2017",34056.83,33889.39,34086.05,33889.39,12.46K,0.62
"Dec 28, 2017",33848.03,33928.86,34023.65,33752.03,9.81K,-0.19
"Dec 27, 2017",33911.81,34087.32,34137.97,33839.51,11.17K,-0.29
"Dec 26, 2017",34010.61,33980.76,34061.88,33889.75,13.31K,0.21
"Dec 22, 2017",33940.30,33768.47,33964.28,33767.73,7.97K,0.55
"Dec 21, 2017",33756.28,33826.25,33860.99,33707.80,10.23K,-0.06
"Dec 20, 2017",33777.38,33928.59,33956.31,33754.94,7.31K,-0.18
"Dec 19, 2017",33836.74,33732.08,33862.07,33666.62,21.23K,0.70
"Dec 18, 2017",33601.68,33364.52,33801.90,32595.63,21.79K,0.41
"Dec 15, 2017",33462.97,33456.02,33621.96,33405.82,24.90K,0.65
"Dec 14, 2017",33246.70,33114.69,33321.52,32886.93,11.53K,0.59
"Dec 13, 2017",33053.04,33229.73,33404.26,32988.82,25.29K,-0.53
"Dec 12, 2017",33227.99,33426.59,33458.41,33179.75,8.46K,-0.68
"Dec 11, 2017",33455.79,33317.72,33535.97,33313.17,12.44K,0.62
"Dec 08, 2017",33250.30,33034.20,33285.68,33034.20,14.60K,0.91
"Dec 07, 2017",32949.21,32615.05,32992.45,32598.12,9.79K,1.08
"Dec 06, 2017",32597.18,32798.50,32804.75,32565.16,9.91K,-0.63
"Dec 05, 2017",32802.44,32814.03,32893.05,32682.52,8.88K,-0.20
"Dec 04, 2017",32869.72,32968.02,33008.47,32785.76,9.91K,0.11
"Dec 01, 2017",32832.94,33247.66,33300.81,32797.78,9.52K,-0.95
"Nov 30, 2017",33149.35,33542.50,33576.20,33108.72,7.64K,-1.35
"Nov 29, 2017",33602.76,33664.27,33728.81,33553.12,6.82K,-0.05
"Nov 28, 2017",33618.59,33726.65,33770.15,33576.65,8.26K,-0.31
"Nov 27, 2017",33724.44,33640.51,33745.17,33540.46,9.16K,0.13
"Nov 24, 2017",33679.24,33670.00,33738.53,33639.98,7.97K,0.27
"Nov 23, 2017",33588.08,33575.91,33670.19,33468.30,7.25K,0.08
"Nov 22, 2017",33561.55,33569.07,33654.53,33465.23,13.54K,0.25
"Nov 21, 2017",33478.35,33438.28,33625.05,33437.61,15.31K,0.36
"Nov 20, 2017",33359.90,33365.84,33449.53,33288.21,8.06K,0.05
"Nov 17, 2017",33342.80,33388.47,33520.82,33278.91,11.55K,0.71
"Nov 16, 2017",33106.82,32829.82,33165.15,32829.82,9.91K,1.06
"Nov 15, 2017",32760.44,32944.94,32944.94,32683.59,11.55K,-0.55
"Nov 14, 2017",32941.87,32990.03,33126.55,32907.11,12.43K,-0.28
"Nov 13, 2017",33033.56,33397.41,33417.30,32999.98,18.83K,-0.84
"Nov 10, 2017",33314.56,33235.75,33380.42,33108.09,21.92K,0.19
"Nov 09, 2017",33250.93,33376.62,33463.80,33111.54,14.49K,0.10
"Nov 08, 2017",33218.81,33417.35,33484.70,33157.68,291.82K,-0.46
"Nov 07, 2017",33370.76,33781.01,33865.95,33341.82,16.77K,-1.07
"Nov 06, 2017",33731.19,33710.15,33848.42,33582.38,13.53K,0.14
"Nov 03, 2017",33685.56,33667.34,33733.71,33531.94,205.90K,0.33
"Nov 02, 2017",33573.22,33615.84,33657.57,33527.00,12.84K,-0.08
"Nov 01, 2017",33600.27,33344.23,33651.52,33340.62,14.63K,1.17
"Oct 31, 2017",33213.13,33254.93,33294.30,33164.28,11.91K,-0.16
"Oct 30, 2017",33266.16,33260.10,33340.17,33206.93,14.42K,0.33
"Oct 27, 2017",33157.22,33228.32,33286.51,33109.41,18.92K,0.03
"Oct 26, 2017",33147.13,33025.17,33196.17,32835.06,16.01K,0.32
"Oct 25, 2017",33042.50,32995.28,33117.33,32804.60,30.82K,1.33
"Oct 24, 2017",32607.34,32619.26,32670.37,32502.08,8.74K,0.31
"Oct 23, 2017",32506.72,32411.86,32614.89,32312.74,8.65K,-0.20
"Oct 19, 2017",32572.93,32656.75,32663.06,32533.89,0.23K,-0.04
"Oct 18, 2017",32584.35,32518.56,32670.32,32462.85,14.50K,-0.08
"Oct 17, 2017",32609.16,32654.41,32699.86,32556.74,5.74K,-0.08
"Oct 16, 2017",32633.64,32488.23,32687.32,32445.43,9.46K,0.62
"Oct 13, 2017",32432.69,32247.74,32508.59,32247.74,15.97K,0.78
"Oct 12, 2017",32182.22,31887.47,32209.03,31813.67,8.02K,1.09
"Oct 11, 2017",31833.99,31975.59,32098.46,31769.40,8.87K,-0.28
"Oct 10, 2017",31924.41,31910.82,31994.77,31896.90,7.37K,0.24
"Oct 09, 2017",31846.89,31862.20,31935.63,31781.75,6.05K,0.10
"Oct 06, 2017",31814.22,31633.34,31844.28,31632.81,8.59K,0.70
"Oct 05, 2017",31592.03,31725.85,31772.41,31562.25,6.14K,-0.25
"Oct 04, 2017",31671.71,31522.17,31752.16,31457.78,6.12K,0.55
"Oct 03, 2017",31497.38,31537.81,31615.28,31440.48,7.30K,0.68
"Sep 29, 2017",31283.72,31367.25,31523.87,31243.71,7.91K,0.00
"Sep 28, 2017",31282.48,31216.36,31340.91,31081.83,8.56K,0.39
"Sep 27, 2017",31159.81,31785.24,31797.46,31100.80,10.13K,-1.39
"Sep 26, 2017",31599.76,31685.81,31693.59,31455.65,10.29K,-0.08
"Sep 25, 2017",31626.63,31986.40,32016.52,31474.56,12.59K,-0.93
"Sep 22, 2017",31922.44,32339.50,32342.81,31886.09,9.90K,-1.38
"Sep 21, 2017",32370.04,32406.42,32462.61,32164.42,9.02K,-0.09
"Sep 20, 2017",32400.51,32467.10,32499.88,32383.82,10.76K,-0.01
"Sep 19, 2017",32402.37,32522.44,32524.11,32358.63,59.19K,-0.07
"Sep 18, 2017",32423.76,32361.37,32508.06,32361.25,9.83K,0.47
"Sep 15, 2017",32272.61,32207.63,32356.11,32138.38,9.23K,0.10
"Sep 14, 2017",32241.93,32289.26,32328.61,32186.84,9.42K,0.17
"Sep 13, 2017",32186.41,32188.95,32348.30,32126.77,9.16K,0.09
"Sep 12, 2017",32158.66,32029.15,32172.46,31950.24,7.20K,0.87
"Sep 11, 2017",31882.16,31798.31,31952.87,31797.89,9.05K,0.61
"Sep 08, 2017",31687.52,31694.15,31763.70,31619.00,8.00K,0.08
"Sep 07, 2017",31662.74,31738.74,31814.96,31620.44,10.50K,0.00
"Sep 06, 2017",31661.97,31713.50,31727.85,31586.53,7.55K,-0.46
"Sep 05, 2017",31809.55,31755.16,31863.47,31674.23,8.22K,0.34
"Sep 04, 2017",31702.25,31932.20,31932.20,31560.32,7.80K,-0.60
"Sep 01, 2017",31892.23,31769.34,31944.10,31707.27,6.77K,0.51
"Aug 31, 2017",31730.49,31685.44,31757.18,31551.85,18.50K,0.27
"Aug 30, 2017",31646.46,31534.57,31727.98,31533.02,5.57K,0.82
"Aug 29, 2017",31388.39,31724.84,31739.80,31360.81,6.99K,-1.14
"Aug 28, 2017",31750.82,31756.87,31809.70,31701.67,10.45K,0.49
"Aug 24, 2017",31596.06,31673.44,31678.19,31546.05,9.22K,0.09
"Aug 23, 2017",31568.01,31407.47,31593.39,31379.25,10.28K,0.88
"Aug 22, 2017",31291.85,31393.93,31484.28,31241.50,11.14K,0.11
"Aug 21, 2017",31258.85,31609.93,31641.81,31220.53,24.33K,-0.84
"Aug 18, 2017",31524.68,31729.88,31729.88,31349.13,16.88K,-0.85
"Aug 17, 2017",31795.46,31919.17,31937.51,31714.10,8.83K,0.08
"Aug 16, 2017",31770.89,31566.24,31805.99,31399.35,12.91K,1.02
"Aug 14, 2017",31449.03,31299.52,31526.40,31298.90,9.95K,0.75
"Aug 11, 2017",31213.59,31355.92,31379.20,31128.02,15.66K,-1.01
"Aug 10, 2017",31531.33,31750.73,31756.27,31422.80,13.41K,-0.84
"Aug 09, 2017",31797.84,31926.14,31967.28,31731.91,9.63K,-0.68
"Aug 08, 2017",32014.19,32341.05,32354.77,31915.20,9.65K,-0.80
"Aug 07, 2017",32273.67,32377.80,32396.14,32235.82,10.69K,-0.16
"Aug 04, 2017",32325.41,32191.12,32352.19,32107.99,11.61K,0.27
"Aug 03, 2017",32237.88,32502.55,32502.55,32194.58,12.96K,-0.74
"Aug 02, 2017",32476.74,32641.58,32686.48,32394.89,10.77K,-0.30
"Aug 01, 2017",32575.17,32579.80,32632.02,32462.25,9.28K,0.19
"Jul 31, 2017",32514.94,32412.20,32546.50,32324.45,13.48K,0.63
"Jul 28, 2017",32309.88,32381.36,32381.36,32104.66,11.62K,-0.23
"Jul 27, 2017",32383.30,32519.44,32672.66,32325.33,11.21K,0.00
"Jul 26, 2017",32382.46,32255.99,32413.63,32226.08,12.84K,0.48
"Jul 25, 2017",32228.27,32350.71,32374.30,32196.86,14.53K,-0.05
"Jul 24, 2017",32245.87,32100.22,32320.86,32058.33,11.90K,0.68
"Jul 21, 2017",32028.89,32035.88,32062.23,31808.93,18.56K,0.39
"Jul 20, 2017",31904.40,32033.82,32057.12,31859.50,11.51K,-0.16
"Jul 19, 2017",31955.35,31882.80,31978.89,31793.72,11.73K,0.77
"Jul 18, 2017",31710.99,31775.54,31911.61,31626.44,22.31K,-1.13
"Jul 17, 2017",32074.78,32053.98,32131.92,32037.21,10.64K,0.17
"Jul 14, 2017",32020.75,32099.93,32109.75,31897.87,7.40K,-0.05
"Jul 13, 2017",32037.38,31896.23,32091.52,31892.63,10.84K,0.73
"Jul 12, 2017",31804.82,31813.24,31865.69,31731.43,8.65K,0.18
"Jul 11, 2017",31747.09,31789.50,31885.11,31718.48,9.41K,0.10
"Jul 10, 2017",31715.64,31510.62,31768.39,31471.41,39.12K,1.13
"Jul 07, 2017",31360.63,31373.52,31426.29,31286.62,6.42K,-0.03
"Jul 06, 2017",31369.34,31298.42,31460.70,31264.86,10.35K,0.40
"Jul 05, 2017",31245.56,31272.72,31284.64,31177.78,6.65K,0.11
"Jul 04, 2017",31209.79,31331.21,31353.46,31166.37,9.02K,-0.04
"Jul 03, 2017",31221.62,31156.04,31258.33,31017.11,8.27K,0.97
"Jun 30, 2017",30921.61,30824.97,30965.45,30680.66,9.47K,0.21
"Jun 29, 2017",30857.52,30910.97,31097.92,30794.61,12.70K,0.08
"Jun 28, 2017",30834.32,30988.87,31000.48,30798.70,10.24K,-0.40
"Jun 27, 2017",30958.25,31194.68,31294.96,30847.08,15.80K,-0.58
"Jun 23, 2017",31138.21,31352.57,31365.39,31110.39,92.47K,-0.49
"Jun 22, 2017",31290.74,31351.53,31522.87,31255.63,10.47K,0.02
"Jun 21, 2017",31283.64,31302.18,31336.44,31193.61,36.84K,-0.04
"Jun 20, 2017",31297.53,31392.53,31392.53,31261.49,8.25K,-0.04
"Jun 19, 2017",31311.57,31168.98,31362.15,31163.35,7.66K,0.82
"Jun 16, 2017",31056.40,31160.47,31182.73,31017.18,13.65K,-0.06
"Jun 15, 2017",31075.73,31222.89,31229.44,31026.48,13.06K,-0.26
"Jun 14, 2017",31155.91,31147.69,31190.36,31054.94,13.11K,0.17
"Jun 13, 2017",31103.49,31091.10,31260.77,31062.34,13.72K,0.03
"Jun 12, 2017",31095.70,31225.43,31225.43,31044.28,6.95K,-0.53
"Jun 09, 2017",31262.06,31196.86,31289.99,31087.28,10.08K,0.16
"Jun 08, 2017",31213.36,31316.91,31354.51,31193.77,14.43K,-0.19
"Jun 07, 2017",31271.28,31252.71,31346.99,31172.98,9.83K,0.26
"Jun 06, 2017",31190.56,31420.85,31430.32,31172.55,14.00K,-0.38
"Jun 05, 2017",31309.49,31274.74,31355.42,31198.22,9.31K,0.12
"Jun 02, 2017",31273.29,31205.37,31332.56,31190.40,8.76K,0.44
"Jun 01, 2017",31137.59,31117.09,31213.12,31062.02,8.61K,-0.03
"May 31, 2017",31145.80,31222.51,31255.28,31107.48,13.44K,-0.04
"May 30, 2017",31159.40,31111.73,31220.38,31064.04,9.93K,0.16
"May 29, 2017",31109.28,30944.38,31214.39,30869.90,15.36K,0.26
"May 26, 2017",31028.21,30765.77,31074.07,30745.57,15.14K,0.90
"May 25, 2017",30750.03,30374.81,30793.43,30352.26,10.30K,1.48
"May 24, 2017",30301.64,30446.77,30534.15,30247.60,11.74K,-0.21
"May 23, 2017",30365.25,30553.89,30610.64,30316.92,19.27K,-0.67
"May 22, 2017",30570.97,30638.88,30712.15,30516.87,11.82K,0.35
"May 19, 2017",30464.92,30539.65,30712.35,30338.52,14.20K,0.10
"May 18, 2017",30434.79,30466.82,30575.83,30393.72,16.67K,-0.73
"May 17, 2017",30658.77,30616.53,30692.45,30519.14,15.41K,0.25
"May 16, 2017",30582.60,30391.48,30591.55,30363.37,14.04K,0.86
"May 15, 2017",30322.12,30287.37,30357.96,30273.62,8.22K,0.44
"May 12, 2017",30188.15,30285.61,30299.74,30111.45,11.38K,-0.21
"May 11, 2017",30250.98,30309.71,30366.43,30207.11,11.04K,0.01
"May 10, 2017",30248.17,29988.78,30271.60,29987.44,11.35K,1.05
"May 09, 2017",29933.25,29977.50,30017.82,29911.44,8.72K,0.02
"May 08, 2017",29926.15,29915.12,30016.04,29877.41,10.26K,0.23
"May 05, 2017",29858.80,30142.14,30176.55,29823.60,16.41K,-0.89
"May 04, 2017",30126.21,30069.72,30169.95,30007.40,22.96K,0.77
"May 03, 2017",29894.80,29984.95,30020.59,29846.57,11.63K,-0.09
"May 02, 2017",29921.18,30021.49,30069.24,29804.12,12.09K,0.01
"Apr 28, 2017",29918.40,30064.60,30067.64,29848.21,11.68K,-0.37
"Apr 27, 2017",30029.74,30141.39,30184.22,29973.40,11.00K,-0.34
"Apr 26, 2017",30133.35,30030.20,30167.09,29968.57,11.17K,0.63
"Apr 25, 2017",29943.24,29825.14,29961.82,29780.84,8.94K,0.97
"Apr 24, 2017",29655.84,29407.68,29681.33,29392.99,9.17K,0.99
"Apr 21, 2017",29365.30,29575.66,29584.34,29259.42,11.71K,-0.19
"Apr 20, 2017",29422.39,29358.59,29453.06,29341.68,15.10K,0.29
"Apr 19, 2017",29336.57,29369.90,29388.25,29241.48,11.99K,0.06
"Apr 18, 2017",29319.10,29487.78,29701.19,29286.38,12.49K,-0.32
"Apr 17, 2017",29413.66,29470.27,29494.08,29363.28,6.86K,-0.16
"Apr 13, 2017",29461.45,29637.12,29660.48,29442.26,11.01K,-0.61
"Apr 12, 2017",29643.48,29838.82,29838.82,29549.74,8.83K,-0.49
"Apr 11, 2017",29788.35,29630.06,29804.51,29570.58,11.07K,0.72
"Apr 10, 2017",29575.74,29752.62,29831.32,29553.04,10.98K,-0.44
"Apr 07, 2017",29706.61,29850.71,29886.12,29668.45,15.19K,-0.74
"Apr 06, 2017",29927.34,29946.89,29954.25,29817.59,11.73K,-0.16
"Apr 05, 2017",29974.24,29996.03,30007.48,29817.69,11.51K,0.21
"Apr 03, 2017",29910.22,29737.73,29926.94,29705.72,10.45K,0.98
"Mar 31, 2017",29620.50,29633.91,29687.64,29552.61,12.16K,-0.09
"Mar 30, 2017",29647.42,29538.03,29684.54,29521.65,16.23K,0.39
"Mar 29, 2017",29531.43,29463.01,29554.39,29439.42,42.90K,0.41
"Mar 28, 2017",29409.52,29301.22,29442.18,29301.22,34.53K,0.59
"Mar 27, 2017",29237.15,29395.68,29420.70,29163.54,15.55K,-0.63
"Mar 24, 2017",29421.40,29350.60,29539.85,29350.17,21.66K,0.30
"Mar 23, 2017",29332.16,29201.01,29373.79,29198.08,26.84K,0.56
"Mar 22, 2017",29167.68,29341.41,29341.41,29137.48,15.20K,-1.08
"Mar 21, 2017",29485.45,29525.88,29585.05,29380.14,11.90K,-0.11
"Mar 20, 2017",29518.74,29653.54,29699.48,29482.40,413.18K,-0.44
"Mar 17, 2017",29648.99,29755.74,29824.62,29601.86,14.85K,0.21
"Mar 16, 2017",29585.85,29482.83,29614.79,29482.83,18.96K,0.64
"Mar 15, 2017",29398.11,29452.86,29500.08,29358.91,404.58K,-0.15
"Mar 14, 2017",29442.63,29437.23,29561.93,29356.05,30.08K,1.71
"Mar 10, 2017",28946.23,29006.00,29076.63,28851.04,16.37K,0.06
"Mar 09, 2017",28929.13,28909.70,28986.72,28815.02,413.87K,0.09
"Mar 08, 2017",28901.94,29021.06,29022.32,28815.48,16.81K,-0.34
"Mar 07, 2017",28999.56,29092.16,29098.17,28957.68,10.01K,-0.17
"Mar 06, 2017",29048.19,28859.21,29070.20,28856.12,12.51K,0.75
"Mar 03, 2017",28832.45,28827.50,28860.13,28716.21,9.60K,-0.03
"Mar 02, 2017",28839.79,29117.38,29145.62,28784.31,11.12K,-0.50
"Mar 01, 2017",28984.49,28849.04,29029.17,28824.17,15.04K,0.84
"Feb 28, 2017",28743.32,28825.19,28876.54,28721.12,11.01K,-0.24
"Feb 27, 2017",28812.88,28910.50,28961.83,28791.19,12.41K,-0.28
"Feb 23, 2017",28892.97,28927.67,29065.31,28860.46,18.97K,0.10
"Feb 22, 2017",28864.71,28822.40,28963.52,28789.30,16.80K,0.36
"Feb 21, 2017",28761.59,28716.70,28801.00,28597.33,8.69K,0.35
"Feb 20, 2017",28661.58,28481.91,28696.53,28419.27,9.25K,0.68
"Feb 17, 2017",28468.75,28670.43,28726.26,28410.91,15.53K,0.59
"Feb 16, 2017",28301.27,28223.85,28327.84,28146.19,9.98K,0.52
"Feb 15, 2017",28155.56,28270.11,28382.32,28102.23,18.41K,-0.65
"Feb 14, 2017",28339.31,28386.12,28393.42,28263.45,12.08K,-0.04
"Feb 13, 2017",28351.62,28450.42,28458.80,28197.38,9.65K,0.06
"Feb 10, 2017",28334.25,28367.17,28456.18,28286.80,14.14K,0.02
"Feb 09, 2017",28329.70,28349.22,28469.48,28152.18,10.51K,0.14
"Feb 08, 2017",28289.92,28386.08,28391.64,28149.08,11.23K,-0.16
"Feb 07, 2017",28335.16,28443.23,28483.41,28239.12,11.13K,-0.37
"Feb 06, 2017",28439.28,28340.39,28487.28,28340.39,10.33K,0.70
"Feb 03, 2017",28240.52,28270.67,28280.58,28127.18,11.10K,0.05
"Feb 02, 2017",28226.61,28167.83,28299.92,28070.81,17.75K,0.30
"Feb 01, 2017",28141.64,27669.08,28159.54,27590.10,18.85K,1.76
"Jan 31, 2017",27655.96,27867.92,27867.92,27624.54,10.95K,-0.70
"Jan 30, 2017",27849.56,27866.80,27947.37,27813.32,8.94K,-0.12
"Jan 27, 2017",27882.46,27761.03,27980.39,27759.48,14.67K,0.63
"Jan 25, 2017",27708.14,27462.83,27736.83,27439.68,12.56K,1.21
"Jan 24, 2017",27375.58,27170.88,27393.35,27140.85,6.95K,0.95
"Jan 23, 2017",27117.34,26990.93,27167.79,26963.58,6.77K,0.31
"Jan 20, 2017",27034.50,27232.69,27264.41,27009.81,9.05K,-1.00
"Jan 19, 2017",27308.60,27253.34,27348.19,27219.89,11.15K,0.19
"Jan 18, 2017",27257.64,27261.76,27422.67,27217.65,9.82K,0.08
"Jan 17, 2017",27235.66,27331.82,27381.43,27179.19,8.39K,-0.19
"Jan 16, 2017",27288.17,27238.35,27335.08,27172.68,13.02K,0.18
"Jan 13, 2017",27238.06,27378.01,27459.75,27143.07,10.53K,-0.03
"Jan 12, 2017",27247.16,27171.66,27278.93,27166.69,12.05K,0.39
"Jan 11, 2017",27140.41,26978.44,27174.87,26978.44,12.36K,0.90
"Jan 10, 2017",26899.56,26811.63,26914.95,26804.17,8.93K,0.65
"Jan 09, 2017",26726.55,26860.81,26860.88,26701.18,6.64K,-0.12
"Jan 06, 2017",26759.23,26929.69,27009.61,26733.33,7.96K,-0.44
"Jan 05, 2017",26878.24,26738.42,26917.21,26738.42,10.08K,0.92
"Jan 04, 2017",26633.13,26677.22,26723.37,26606.06,8.34K,-0.04
"Jan 03, 2017",26643.24,26616.92,26724.40,26488.37,10.11K,0.18
"Jan 02, 2017",26595.45,26711.15,26720.98,26447.06,8.20K,-0.12
"Dec 30, 2016",26626.46,26441.51,26678.60,26406.53,8.91K,0.99
"Dec 29, 2016",26366.15,26429.41,26429.63,26166.67,6.93K,0.59
"Dec 28, 2016",26210.68,26243.19,26415.05,26191.72,8.77K,-0.01
"Dec 27, 2016",26213.44,25815.43,26249.03,25803.19,9.05K,1.57
"Dec 26, 2016",25807.10,25992.41,26008.57,25753.74,5.64K,-0.90
"Dec 23, 2016",26040.70,25959.99,26143.19,25872.38,7.69K,0.24
"Dec 22, 2016",25979.60,26224.07,26248.45,25940.14,7.78K,-1.00
"Dec 21, 2016",26242.38,26368.88,26396.00,26213.51,6.29K,-0.25
"Dec 20, 2016",26307.98,26374.59,26435.56,26241.43,7.46K,-0.25
"Dec 19, 2016",26374.70,26505.66,26505.66,26340.38,7.61K,-0.43
"Dec 16, 2016",26489.56,26548.67,26594.55,26455.21,7.80K,-0.11
"Dec 15, 2016",26519.07,26497.71,26737.86,26407.58,13.07K,-0.31
"Dec 14, 2016",26602.84,26707.91,26736.34,26547.05,10.17K,-0.36
"Dec 13, 2016",26697.82,26607.65,26724.97,26494.23,7.16K,0.69
"Dec 12, 2016",26515.24,26725.31,26725.31,26468.59,8.79K,-0.87
"Dec 09, 2016",26747.18,26787.14,26803.76,26707.81,10.12K,0.20
"Dec 08, 2016",26694.28,26366.52,26733.87,26357.35,8.48K,1.74
"Dec 07, 2016",26236.87,26456.21,26540.83,26164.82,10.82K,-0.59
"Dec 06, 2016",26392.76,26403.62,26502.43,26356.02,7.75K,0.17
"Dec 05, 2016",26349.10,26253.48,26390.80,26125.35,13.18K,0.45
"Dec 02, 2016",26230.66,26437.37,26463.06,26182.93,9.88K,-1.24
"Dec 01, 2016",26559.92,26756.66,26769.32,26540.82,11.55K,-0.35
"Nov 30, 2016",26652.81,26441.02,26680.55,26395.50,8.04K,0.98
"Nov 29, 2016",26394.01,26408.62,26587.07,26354.66,9.89K,0.17
"Nov 28, 2016",26350.17,26303.52,26413.99,26183.22,11.20K,0.13
"Nov 25, 2016",26316.34,25953.24,26343.95,25874.45,11.89K,1.76
"Nov 24, 2016",25860.17,26049.14,26049.14,25810.97,8.88K,-0.74
"Nov 23, 2016",26051.81,26101.33,26130.49,25877.16,9.19K,0.35
"Nov 22, 2016",25960.78,25928.16,26039.70,25765.51,8.34K,0.76
"Nov 21, 2016",25765.14,26246.70,26270.28,25717.93,10.24K,-1.47
"Nov 18, 2016",26150.24,26270.20,26349.02,26106.78,9.89K,-0.30
"Nov 17, 2016",26227.62,26304.90,26449.87,26155.40,11.32K,-0.27
"Nov 16, 2016",26298.69,26508.94,26621.40,26239.21,14.60K,-0.02
"Nov 15, 2016",26304.63,26809.61,26809.61,26253.63,16.86K,-1.92
"Nov 11, 2016",26818.82,27344.85,27344.85,26777.18,17.61K,-2.54
"Nov 10, 2016",27517.68,27605.05,27743.46,27252.53,17.12K,0.97
"Nov 09, 2016",27252.53,26251.38,27397.38,25902.45,21.80K,-1.23
"Nov 08, 2016",27591.14,27537.26,27646.84,27406.76,10.48K,0.48
"Nov 07, 2016",27458.99,27552.27,27591.15,27274.15,11.61K,0.68
"Nov 04, 2016",27274.15,27465.55,27498.91,27193.61,25.07K,-0.57
"Nov 03, 2016",27430.28,27518.06,27600.74,27399.26,11.10K,-0.35
"Nov 02, 2016",27527.22,27679.32,27679.32,27500.81,13.43K,-1.25
"Nov 01, 2016",27876.61,27966.18,28029.80,27845.63,10.40K,-0.19
"Oct 30, 2016",27930.21,28066.32,28095.71,27890.14,0.11K,-0.04
"Oct 28, 2016",27941.51,27983.14,28000.14,27789.84,11.74K,0.09
"Oct 27, 2016",27915.90,27808.63,27958.13,27665.60,13.96K,0.29
"Oct 26, 2016",27836.51,28050.55,28050.55,27759.56,14.53K,-0.91
"Oct 25, 2016",28091.42,28159.09,28211.41,28013.69,11.26K,-0.31
"Oct 24, 2016",28179.08,28156.59,28256.65,28075.95,15.55K,0.36
"Oct 21, 2016",28077.18,28163.41,28163.41,27957.92,8.78K,-0.19
"Oct 20, 2016",28129.84,28031.57,28212.50,28031.57,11.61K,0.52
"Oct 19, 2016",27984.37,28112.36,28131.07,27926.17,15.74K,-0.24
"Oct 18, 2016",28050.88,27656.89,28064.39,27652.76,16.16K,1.89
"Oct 17, 2016",27529.97,27776.14,27803.21,27488.30,17.58K,-0.52
"Oct 14, 2016",27673.60,27712.22,27763.54,27548.18,14.42K,0.11
"Oct 13, 2016",27643.11,28042.62,28042.62,27563.84,12.30K,-1.56
"Oct 10, 2016",28082.34,28144.28,28216.64,28068.32,7.13K,0.08
"Oct 07, 2016",28061.14,28129.22,28155.68,27964.91,13.08K,-0.16
"Oct 06, 2016",28106.21,28298.35,28328.56,28031.22,9.43K,-0.41
"Oct 05, 2016",28220.98,28425.74,28477.65,28188.90,11.64K,-0.40
"Oct 04, 2016",28334.55,28377.64,28404.70,28242.25,18.92K,0.32
"Oct 03, 2016",28243.29,27997.29,28273.02,27919.89,11.25K,1.35
"Sep 30, 2016",27865.96,27807.82,27955.21,27716.78,10.76K,0.14
"Sep 29, 2016",27827.53,28423.14,28475.57,27719.92,14.02K,-1.64
"Sep 28, 2016",28292.81,28198.88,28378.56,28198.30,11.09K,0.24
"Sep 27, 2016",28223.70,28373.02,28432.74,28179.34,9.09K,-0.25
"Sep 26, 2016",28294.28,28630.92,28630.92,28272.03,17.07K,-1.30
"Sep 23, 2016",28668.22,28810.32,28825.09,28627.38,13.74K,-0.36
"Sep 22, 2016",28773.13,28766.94,28871.92,28693.07,10.97K,0.93
"Sep 21, 2016",28507.42,28554.38,28689.36,28462.33,12.75K,-0.06
"Sep 20, 2016",28523.20,28690.66,28698.81,28480.53,8.17K,-0.39
"Sep 19, 2016",28634.50,28626.60,28714.77,28552.55,12.97K,0.12
"Sep 16, 2016",28599.03,28520.30,28778.64,28494.59,13.83K,0.66
"Sep 15, 2016",28412.89,28398.33,28454.02,28311.11,9.92K,0.14
"Sep 14, 2016",28372.23,28345.49,28416.41,28259.38,11.93K,0.07
"Sep 12, 2016",28353.54,28481.09,28481.11,28251.31,14.11K,-1.54
"Sep 09, 2016",28797.25,29062.90,29062.90,28755.08,12.11K,-0.85
"Sep 08, 2016",29045.28,28929.46,29077.28,28854.56,15.47K,0.41
"Sep 07, 2016",28926.36,29035.67,29067.84,28911.31,20.40K,-0.18
"Sep 06, 2016",28978.02,28631.27,29013.40,28631.27,18.79K,1.56
"Sep 02, 2016",28532.11,28498.72,28581.58,28427.63,12.38K,0.38
"Sep 01, 2016",28423.48,28459.09,28548.85,28386.61,17.32K,-0.10
"Aug 31, 2016",28452.17,28372.25,28532.25,28363.10,10.74K,0.39
"Aug 30, 2016",28343.01,28012.46,28478.02,28010.66,10.88K,1.58
"Aug 29, 2016",27902.66,27827.26,27952.85,27698.71,12.24K,0.43
"Aug 26, 2016",27782.25,27882.75,27935.88,27696.99,9.44K,-0.19
"Aug 25, 2016",27835.91,28103.60,28154.21,27803.24,6.90K,-0.80
"Aug 24, 2016",28059.94,28065.25,28108.39,27959.87,8.34K,0.25
"Aug 23, 2016",27990.21,28012.56,28028.98,27854.43,12.79K,0.02
"Aug 22, 2016",27985.54,28088.07,28143.28,27918.05,13.00K,-0.33
"Aug 19, 2016",28077.00,28167.66,28212.30,28026.12,16.11K,-0.17
"Aug 18, 2016",28123.44,28077.64,28214.17,28077.00,12.88K,0.42
"Aug 17, 2016",28005.37,28061.79,28174.30,27960.14,12.02K,-0.21
"Aug 16, 2016",28064.61,28190.04,28199.10,27942.65,15.04K,-0.31
"Aug 12, 2016",28152.40,27919.95,28203.27,27900.91,21.64K,1.05
"Aug 11, 2016",27859.60,27805.94,27902.39,27697.33,10.24K,0.31
"Aug 10, 2016",27774.88,28133.36,28143.28,27736.62,15.89K,-1.10
"Aug 09, 2016",28085.16,28289.22,28289.96,27956.77,14.62K,-0.35
"Aug 08, 2016",28182.57,28181.92,28226.38,28128.06,20.93K,0.37
"Aug 05, 2016",28078.35,27810.55,28110.37,27795.74,14.10K,1.31
"Aug 04, 2016",27714.37,27899.88,27921.91,27627.97,15.03K,0.06
"Aug 03, 2016",27697.51,28008.52,28015.43,27647.14,12.24K,-1.02
"Aug 02, 2016",27981.71,28069.12,28175.22,27943.91,10.42K,-0.08
"Aug 01, 2016",28003.12,28083.08,28284.85,27873.53,14.11K,-0.17
"Jul 29, 2016",28051.86,28232.87,28233.47,28037.87,11.86K,-0.56
"Jul 28, 2016",28208.62,28108.78,28240.20,28064.90,15.10K,0.66
"Jul 27, 2016",28024.33,27976.14,28210.88,27899.93,10.72K,0.17
"Jul 26, 2016",27976.52,28121.37,28149.53,27927.13,11.41K,-0.42
"Jul 25, 2016",28095.34,27753.96,28110.37,27736.51,15.84K,1.05
"Jul 22, 2016",27803.24,27721.72,27832.45,27646.21,9.78K,0.33
"Jul 21, 2016",27710.52,27980.07,27988.76,27687.54,12.57K,-0.74
"Jul 20, 2016",27915.89,27775.70,27935.18,27759.71,12.90K,0.46
"Jul 19, 2016",27787.62,27790.05,27826.69,27637.98,17.26K,0.15
"Jul 18, 2016",27746.66,27920.66,28013.50,27697.69,21.13K,-0.32
"Jul 15, 2016",27836.50,27966.14,28048.70,27735.87,16.78K,-0.38
"Jul 14, 2016",27942.11,27857.80,27967.77,27763.15,10.77K,0.46
"Jul 13, 2016",27815.18,27912.14,27928.76,27752.14,18.12K,0.03
"Jul 12, 2016",27808.14,27667.81,27828.74,27667.81,12.60K,0.66
"Jul 11, 2016",27626.69,27358.23,27647.48,27358.23,24.60K,1.84
"Jul 08, 2016",27126.90,27292.20,27294.82,27034.14,14.29K,-0.27
"Jul 07, 2016",27201.49,27209.97,27288.22,27146.95,9.09K,0.13
"Jul 05, 2016",27166.87,27340.72,27348.66,27127.30,10.72K,-0.41
"Jul 04, 2016",27278.76,27314.44,27385.66,27251.06,8.63K,0.49
"Jul 01, 2016",27144.91,27064.33,27243.36,27061.40,10.27K,0.54
"Jun 30, 2016",26999.72,26926.17,27069.23,26872.59,8.93K,0.97
"Jun 29, 2016",26740.39,26627.15,26776.17,26606.31,7.89K,0.81
"Jun 28, 2016",26524.55,26410.66,26583.33,26378.46,8.42K,0.46
"Jun 27, 2016",26402.96,26347.81,26493.51,26262.72,18.94K,0.02
"Jun 24, 2016",26397.71,26367.48,26435.85,25911.33,25.20K,-2.24
"Jun 23, 2016",27002.22,26753.20,27060.98,26736.52,9.62K,0.88
"Jun 22, 2016",26765.65,26791.68,26887.29,26617.45,7.88K,-0.18
"Jun 21, 2016",26812.78,26907.42,26925.64,26754.60,7.20K,-0.20
"Jun 20, 2016",26866.92,26497.11,26885.49,26447.88,9.82K,0.91
"Jun 17, 2016",26625.91,26653.85,26730.55,26538.51,9.59K,0.38
"Jun 16, 2016",26525.46,26686.03,26686.03,26314.91,13.00K,-0.75
"Jun 15, 2016",26726.34,26500.79,26752.59,26446.59,12.75K,1.25
"Jun 14, 2016",26395.71,26482.50,26485.45,26264.81,8.02K,0.00
"Jun 13, 2016",26396.77,26468.27,26468.27,26262.27,9.37K,-0.90
"Jun 10, 2016",26635.75,26742.26,26972.06,26620.50,10.39K,-0.48
"Jun 09, 2016",26763.46,26994.48,26994.91,26692.35,10.37K,-0.95
"Jun 08, 2016",27020.66,27085.24,27105.41,26973.71,12.90K,0.04
"Jun 07, 2016",27009.67,26833.54,27082.63,26829.53,15.26K,0.87
"Jun 06, 2016",26777.45,26897.84,26901.42,26729.54,9.03K,-0.24
"Jun 03, 2016",26843.03,26919.23,27008.14,26792.07,13.40K,0.00
"Jun 02, 2016",26843.14,26694.28,26885.16,26641.02,11.37K,0.48
"Jun 01, 2016",26713.93,26684.46,26857.25,26671.86,13.85K,0.17
"May 31, 2016",26667.96,26817.75,26837.20,26561.58,27.32K,-0.22
"May 30, 2016",26725.60,26694.75,26794.96,26623.33,15.33K,0.27
"May 27, 2016",26653.60,26415.93,26677.43,26405.28,21.42K,1.09
"May 26, 2016",26366.68,26008.25,26398.94,25941.51,14.34K,1.88
"May 25, 2016",25881.17,25432.10,25897.87,25430.59,9.77K,2.27
"May 24, 2016",25305.47,25256.97,25340.47,25181.47,10.99K,0.30
"May 23, 2016",25230.36,25447.72,25519.26,25207.78,11.74K,-0.28
"May 20, 2016",25301.90,25428.42,25506.06,25251.90,13.99K,-0.39
"May 19, 2016",25399.72,25713.84,25714.56,25351.99,14.78K,-1.19
"May 18, 2016",25704.61,25671.48,25747.00,25503.40,10.09K,-0.27
"May 17, 2016",25773.61,25756.14,25927.31,25733.76,11.77K,0.47
"May 16, 2016",25653.23,25528.80,25688.46,25351.62,13.30K,0.64
"May 13, 2016",25489.57,25739.94,25743.69,25400.27,12.86K,-1.17
"May 12, 2016",25790.22,25684.60,25827.03,25620.27,10.07K,0.75
"May 11, 2016",25597.02,25548.97,25762.49,25409.24,9.59K,-0.68
"May 10, 2016",25772.53,25682.98,25809.93,25614.24,10.76K,0.33
"May 09, 2016",25688.86,25321.83,25709.68,25302.86,12.13K,1.82
"May 06, 2016",25228.50,25223.67,25260.48,25057.93,11.63K,-0.13
"May 05, 2016",25262.21,25187.66,25394.10,25162.94,11.74K,0.64
"May 04, 2016",25101.73,25210.87,25245.70,25061.04,16.32K,-0.51
"May 03, 2016",25229.70,25500.14,25705.96,25192.94,11.28K,-0.81
"May 02, 2016",25436.97,25565.44,25565.44,25341.14,7.95K,-0.66
"Apr 29, 2016",25606.62,25612.91,25755.43,25424.03,15.15K,0.01
"Apr 28, 2016",25603.10,26078.28,26100.54,25561.17,15.09K,-1.77
"Apr 27, 2016",26064.12,25956.42,26092.93,25885.24,11.52K,0.22
"Apr 26, 2016",26007.30,25604.92,26055.00,25549.05,11.55K,1.28
"Apr 25, 2016",25678.93,25891.03,25891.03,25585.93,8.49K,-0.62
"Apr 22, 2016",25838.14,25892.49,25922.02,25771.88,13.78K,-0.16
"Apr 21, 2016",25880.38,25979.68,26080.07,25783.12,18.67K,0.14
"Apr 20, 2016",25844.18,25942.34,25956.34,25716.81,11.64K,0.11
"Apr 18, 2016",25816.36,25833.16,25870.03,25634.12,8.81K,0.74
"Apr 13, 2016",25626.75,25358.42,25671.50,25358.42,15.00K,1.91
"Apr 12, 2016",25145.59,25056.47,25180.02,24996.44,11.90K,0.49
"Apr 11, 2016",25022.16,24789.40,25049.92,24523.20,26.72K,1.41
"Apr 08, 2016",24673.84,24665.80,24736.03,24608.51,10.00K,-0.05
"Apr 07, 2016",24685.42,24998.79,25013.13,24647.48,19.78K,-0.86
"Apr 06, 2016",24900.63,24978.86,25000.65,24834.16,10.59K,0.07
"Apr 05, 2016",24883.59,25372.44,25372.44,24837.51,15.31K,-2.03
"Apr 04, 2016",25399.65,25333.98,25424.15,25223.49,8.04K,0.51
"Apr 01, 2016",25269.64,25301.70,25354.94,25119.35,11.84K,-0.28
"Mar 31, 2016",25341.86,25364.75,25479.62,25223.22,11.92K,0.01
"Mar 30, 2016",25338.58,25062.06,25358.84,25055.42,11.05K,1.76
"Mar 29, 2016",24900.46,24957.24,25079.35,24835.56,11.29K,-0.26
"Mar 28, 2016",24966.40,25417.11,25432.94,24895.49,10.36K,-1.46
"Mar 23, 2016",25337.56,25322.10,25367.81,25156.82,9.78K,0.03
"Mar 22, 2016",25330.49,25331.01,25381.33,25083.70,12.43K,0.18
"Mar 21, 2016",25285.37,25007.56,25327.45,24988.27,12.80K,1.33
"Mar 18, 2016",24952.74,24729.41,24986.94,24681.64,14.55K,1.12
"Mar 17, 2016",24677.37,24852.18,24948.30,24576.52,15.14K,-0.02
"Mar 16, 2016",24682.48,24537.61,24706.85,24354.55,11.27K,0.53
"Mar 15, 2016",24551.17,24832.04,24840.77,24517.28,12.53K,-1.02
"Mar 14, 2016",24804.28,24801.70,24960.51,24734.04,31.03K,0.35
"Mar 11, 2016",24717.99,24620.39,24817.80,24552.26,15.33K,0.38
"Mar 10, 2016",24623.34,24815.70,24817.48,24471.39,14.81K,-0.69
"Mar 09, 2016",24793.96,24527.27,24820.76,24451.60,12.30K,0.55
"Mar 08, 2016",24659.23,24655.19,24793.62,24509.21,26.79K,0.05
"Mar 04, 2016",24646.48,24704.59,24719.05,24531.80,17.97K,0.16
"Mar 03, 2016",24606.99,24386.67,24640.51,24383.28,20.06K,1.50
"Mar 02, 2016",24242.98,24044.96,24280.42,24043.89,23.47K,1.95
"Mar 01, 2016",23779.35,23153.32,23821.49,23133.18,16.17K,3.38
"Feb 29, 2016",23002.00,23238.50,23343.22,22494.61,60.66K,-0.66
"Feb 26, 2016",23154.30,23141.08,23227.91,23021.94,11.92K,0.78
"Feb 25, 2016",22976.00,23105.16,23142.96,22948.10,16.37K,-0.49
"Feb 24, 2016",23088.93,23332.94,23338.89,23057.45,14.36K,-1.37
"Feb 23, 2016",23410.18,23850.41,23851.51,23361.94,17.23K,-1.59
"Feb 22, 2016",23788.79,23783.47,23855.04,23674.86,9.85K,0.34
"Feb 19, 2016",23709.15,23640.32,23774.48,23508.36,11.97K,0.25
"Feb 18, 2016",23649.22,23536.47,23735.35,23448.21,16.19K,1.14
"Feb 17, 2016",23381.87,23237.23,23434.91,22920.84,17.06K,0.82
"Feb 16, 2016",23191.97,23688.61,23692.08,23164.54,22.89K,-1.54
"Feb 15, 2016",23554.12,23223.43,23622.64,23197.67,21.01K,2.47
"Feb 12, 2016",22986.12,23060.39,23161.15,22600.39,25.94K,0.15
"Feb 11, 2016",22951.83,23758.46,23758.46,22909.12,23.89K,-3.40
"Feb 10, 2016",23758.90,23938.32,23938.32,23636.72,19.97K,-1.09
"Feb 09, 2016",24020.98,24076.85,24111.19,23919.47,11.86K,-1.10
"Feb 08, 2016",24287.42,24637.41,24698.95,24196.84,12.09K,-1.34
"Feb 05, 2016",24616.97,24360.36,24672.90,24345.79,13.81K,1.14
"Feb 04, 2016",24338.43,24386.45,24514.01,24224.74,12.61K,0.48
"Feb 03, 2016",24223.32,24393.59,24409.26,24187.54,12.62K,-1.29
"Feb 02, 2016",24539.00,24868.21,24928.75,24460.53,13.07K,-1.15
"Feb 01, 2016",24824.83,24982.22,25002.32,24788.58,10.39K,-0.18
"Jan 29, 2016",24870.69,24347.31,24911.90,24340.06,12.75K,1.64
"Jan 28, 2016",24469.57,24481.86,24587.20,24400.52,8.74K,-0.09
"Jan 27, 2016",24492.39,24643.13,24645.70,24458.13,8.80K,0.03
"Jan 25, 2016",24485.95,24540.97,24650.57,24433.67,9.20K,0.21
"Jan 22, 2016",24435.66,24122.06,24472.88,24120.04,10.42K,1.98
"Jan 21, 2016",23962.21,24194.75,24351.83,23862.00,13.59K,-0.41
"Jan 20, 2016",24062.04,24325.77,24325.77,23839.76,13.15K,-1.71
"Jan 19, 2016",24479.84,24257.28,24563.34,24247.23,9.75K,1.21
"Jan 18, 2016",24188.37,24400.78,24524.85,24141.99,14.04K,-1.09
"Jan 15, 2016",24455.04,24881.76,24912.64,24421.53,13.13K,-1.28
"Jan 14, 2016",24772.97,24606.20,25018.46,24473.22,15.39K,-0.33
"Jan 13, 2016",24854.11,24804.64,24956.54,24387.69,14.36K,0.70
"Jan 12, 2016",24682.03,24862.93,24882.30,24597.11,10.61K,-0.58
"Jan 11, 2016",24825.04,24787.11,24961.88,24598.90,10.94K,-0.44
"Jan 08, 2016",24934.33,24969.02,25083.55,24887.22,16.42K,0.33
"Jan 07, 2016",24851.83,25224.70,25230.35,24825.70,12.25K,-2.18
"Jan 06, 2016",25406.33,25628.23,25632.57,25357.70,13.81K,-0.68
"Jan 05, 2016",25580.34,25744.70,25766.76,25513.75,10.57K,-0.17
"Jan 04, 2016",25623.35,26116.52,26116.52,25596.57,9.44K,-2.05
"Jan 01, 2016",26160.90,26101.50,26197.27,26008.20,6.06K,0.17
"Dec 31, 2015",26117.54,25980.86,26147.63,25941.91,6.38K,0.61
"Dec 30, 2015",25960.03,26123.87,26130.20,25939.25,6.65K,-0.46
"Dec 29, 2015",26079.48,26075.68,26133.78,25994.45,6.23K,0.17
"Dec 28, 2015",26034.13,25858.52,26073.41,25856.86,7.12K,0.76
"Dec 24, 2015",25838.71,25893.84,25922.47,25763.40,4.99K,-0.04
"Dec 23, 2015",25850.30,25697.66,25875.27,25689.70,7.06K,1.01
"Dec 22, 2015",25590.65,25731.07,25787.21,25485.17,8.38K,-0.56
"Dec 21, 2015",25735.90,25425.32,25757.84,25413.54,8.35K,0.85
"Dec 18, 2015",25519.22,25764.67,25789.51,25481.51,10.73K,-1.10
"Dec 17, 2015",25803.78,25596.63,25831.31,25448.32,23.40K,1.21
"Dec 16, 2015",25494.37,25402.47,25572.90,25372.47,11.12K,0.69
"Dec 15, 2015",25320.44,25186.68,25342.78,25075.54,10.03K,0.68
"Dec 14, 2015",25150.35,24935.60,25194.15,24867.73,11.99K,0.42
"Dec 11, 2015",25044.43,25281.77,25316.14,24930.43,15.44K,-0.82
"Dec 10, 2015",25252.32,25136.71,25289.58,25034.14,11.16K,0.86
"Dec 09, 2015",25036.05,25299.34,25316.95,25012.22,12.02K,-1.08
"Dec 08, 2015",25310.33,25488.42,25542.47,25256.79,12.98K,-0.86
"Dec 07, 2015",25530.11,25746.03,25785.53,25477.69,8.96K,-0.42
"Dec 04, 2015",25638.11,25810.06,25810.06,25623.71,10.77K,-0.96
"Dec 03, 2015",25886.62,26123.86,26123.86,25857.35,9.79K,-0.89
"Dec 02, 2015",26117.85,26239.39,26256.42,26041.68,10.40K,-0.20
"Dec 01, 2015",26169.41,26201.27,26246.02,26121.52,11.32K,0.09
"Nov 30, 2015",26145.67,26142.53,26231.06,26089.13,8.58K,0.07
"Nov 27, 2015",26128.20,26003.20,26184.65,25937.32,10.66K,0.65
"Nov 26, 2015",25958.63,25769.81,26016.04,25769.81,8.66K,0.71
"Nov 24, 2015",25775.74,25785.61,25901.56,25703.86,7.74K,-0.17
"Nov 23, 2015",25819.34,25945.14,25958.04,25747.01,10.42K,-0.19
"Nov 20, 2015",25868.49,25856.13,26058.76,25769.81,10.34K,0.10
"Nov 19, 2015",25841.92,25640.34,25884.52,25603.10,10.19K,1.41
"Nov 18, 2015",25482.52,25837.71,25890.36,25453.32,16.58K,-1.48
"Nov 17, 2015",25864.47,25897.88,25948.20,25732.79,11.05K,0.41
"Nov 16, 2015",25760.10,25580.15,25866.42,25451.42,11.71K,0.58
"Nov 13, 2015",25610.53,25724.09,25724.09,25540.73,11.89K,-0.98
"Nov 11, 2015",25863.92,25934.90,25944.93,25857.40,2.48K,0.47
"Nov 10, 2015",25743.26,26094.09,26094.09,25709.23,13.20K,-1.45
"Nov 09, 2015",26121.40,25809.00,26193.17,25656.90,13.74K,-0.55
"Nov 06, 2015",26265.24,26284.01,26438.86,26190.18,16.14K,-0.15
"Nov 05, 2015",26304.20,26557.80,26557.80,26243.20,12.67K,-0.94
"Nov 04, 2015",26552.92,26704.02,26800.06,26510.31,8.21K,-0.14
"Nov 03, 2015",26590.59,26660.71,26732.24,26514.48,8.83K,0.12
"Nov 02, 2015",26559.15,26641.69,26824.30,26378.26,9.05K,-0.37
"Oct 30, 2015",26656.83,26878.48,26942.29,26585.20,14.41K,-0.68
"Oct 29, 2015",26838.14,27083.70,27099.11,26794.10,10.24K,-0.75
"Oct 28, 2015",27039.76,27131.71,27163.98,26919.96,10.84K,-0.78
"Oct 27, 2015",27253.44,27291.06,27296.30,27209.52,10.40K,-0.40
"Oct 26, 2015",27361.96,27575.04,27618.14,27318.20,11.57K,-0.40
"Oct 23, 2015",27470.81,27466.64,27555.06,27421.71,10.20K,0.67
"Oct 21, 2015",27287.66,27312.35,27445.24,27190.55,10.02K,-0.07
"Oct 20, 2015",27306.83,27402.90,27432.07,27216.40,9.51K,-0.21
"Oct 19, 2015",27364.92,27305.62,27387.91,27246.79,8.50K,0.55
"Oct 16, 2015",27214.60,27062.80,27239.22,26917.12,10.46K,0.76
"Oct 15, 2015",27010.14,26842.19,27037.95,26836.77,13.11K,0.86
"Oct 14, 2015",26779.66,26760.32,26869.08,26713.28,11.24K,-0.25
"Oct 13, 2015",26846.53,26874.29,26918.52,26719.10,11.15K,-0.21
"Oct 12, 2015",26904.11,27242.60,27305.04,26855.75,19.00K,-0.65
"Oct 09, 2015",27079.51,26974.92,27200.44,26910.59,19.42K,0.87
"Oct 08, 2015",26845.81,27116.86,27120.11,26762.36,15.39K,-0.70
"Oct 07, 2015",27035.85,26966.86,27082.28,26877.51,17.61K,0.38
"Oct 06, 2015",26932.88,26976.66,27010.27,26751.25,14.01K,0.55
"Oct 05, 2015",26785.55,26379.42,26822.42,26375.31,11.81K,2.15
"Oct 01, 2015",26220.95,26344.19,26431.80,26168.71,11.27K,0.25
"Sep 30, 2015",26154.83,25986.52,26179.70,25918.21,28.44K,1.46
"Sep 29, 2015",25778.66,25496.38,26054.37,25287.33,21.32K,0.63
"Sep 28, 2015",25616.84,25922.71,25936.89,25593.56,12.05K,-0.95
"Sep 24, 2015",25863.50,25798.05,25949.90,25670.96,12.20K,0.16
"Sep 23, 2015",25822.99,25526.53,25934.02,25386.48,12.05K,0.67
"Sep 22, 2015",25651.84,26274.37,26339.10,25571.34,13.95K,-2.07
"Sep 21, 2015",26192.98,26107.98,26233.46,25972.54,8.31K,-0.10
"Sep 18, 2015",26218.91,26130.36,26471.82,26130.36,58.26K,0.98
"Sep 16, 2015",25963.97,25884.05,26006.75,25816.50,9.91K,1.00
"Sep 15, 2015",25705.93,25908.34,25909.83,25649.37,11.49K,-0.58
"Sep 14, 2015",25856.70,25706.87,25891.73,25531.07,9.06K,0.96
"Sep 11, 2015",25610.21,25793.77,25875.96,25530.41,12.22K,-0.05
"Sep 10, 2015",25622.17,25522.96,25733.70,25287.50,14.97K,-0.38
"Sep 09, 2015",25719.58,25682.87,25820.56,25553.61,14.79K,1.59
"Sep 08, 2015",25317.87,24972.01,25411.00,24833.54,13.04K,1.70
"Sep 07, 2015",24893.81,25302.98,25387.32,24851.77,13.17K,-1.22
"Sep 04, 2015",25201.90,25772.58,25775.38,25119.06,14.55K,-2.18
"Sep 03, 2015",25764.78,25614.69,25835.41,25555.77,11.68K,1.22
"Sep 02, 2015",25453.56,25891.95,25939.37,25395.09,16.71K,-0.95
"Sep 01, 2015",25696.44,26127.04,26141.07,25579.88,14.44K,-2.23
"Aug 31, 2015",26283.09,26469.42,26504.73,26215.16,10.29K,-0.41
"Aug 28, 2015",26392.38,26542.84,26687.33,26270.17,12.49K,0.61
"Aug 27, 2015",26231.19,26137.03,26302.77,25943.75,19.16K,2.01
"Aug 26, 2015",25714.66,26063.27,26156.61,25657.56,13.77K,-1.22
"Aug 25, 2015",26032.38,25916.26,26124.83,25298.42,21.87K,1.13
"Aug 24, 2015",25741.56,26730.40,26730.40,25624.72,26.79K,-5.94
"Aug 21, 2015",27366.07,27440.10,27442.82,27131.44,14.44K,-0.88
"Aug 20, 2015",27607.82,27959.19,27964.60,27564.16,14.81K,-1.16
"Aug 19, 2015",27931.64,27851.81,28021.39,27721.25,11.17K,0.36
"Aug 18, 2015",27831.54,27949.13,28040.73,27747.40,12.22K,-0.17
"Aug 17, 2015",27878.27,28093.54,28095.97,27739.13,12.66K,-0.67
"Aug 14, 2015",28067.31,27668.06,28100.64,27643.20,13.60K,1.88
"Aug 13, 2015",27549.53,27635.25,27791.10,27496.29,16.44K,0.14
"Aug 12, 2015",27512.26,27880.76,27883.33,27479.43,18.79K,-1.27
"Aug 11, 2015",27866.09,28193.26,28205.12,27825.83,15.24K,-0.84
"Aug 10, 2015",28101.72,28250.78,28417.59,28017.85,9.00K,-0.48
"Aug 07, 2015",28236.39,28327.11,28335.67,28193.93,10.61K,-0.22
"Aug 06, 2015",28298.13,28291.88,28359.96,28163.69,7.67K,0.27
"Aug 05, 2015",28223.08,28138.04,28315.71,28135.68,10.14K,0.54
"Aug 04, 2015",28071.93,28225.04,28264.72,27866.12,13.96K,-0.41
"Aug 03, 2015",28187.06,28089.09,28263.35,28071.37,10.51K,0.26
"Jul 31, 2015",28114.56,27814.51,28161.17,27814.51,15.49K,1.48
"Jul 30, 2015",27705.35,27685.82,27854.46,27649.97,9.72K,0.51
"Jul 29, 2015",27563.43,27540.46,27609.29,27470.09,8.87K,0.38
"Jul 28, 2015",27459.23,27630.21,27676.65,27416.39,12.24K,-0.37
"Jul 27, 2015",27561.38,28117.65,28117.65,27529.57,9.83K,-1.96
"Jul 24, 2015",28112.31,28390.50,28402.64,28083.76,9.58K,-0.91
"Jul 23, 2015",28370.84,28540.97,28578.33,28315.37,9.24K,-0.47
"Jul 22, 2015",28504.93,28159.42,28546.42,28070.91,9.82K,1.15
"Jul 21, 2015",28182.14,28381.82,28518.06,28138.30,12.13K,-0.84
"Jul 20, 2015",28420.12,28544.28,28549.13,28319.83,6.77K,-0.15
"Jul 17, 2015",28463.31,28480.92,28576.32,28417.46,7.48K,0.06
"Jul 16, 2015",28446.12,28259.70,28478.43,28245.81,8.79K,0.88
"Jul 15, 2015",28198.29,28022.14,28218.37,27986.48,6.23K,0.95
"Jul 14, 2015",27932.90,27986.92,28018.59,27853.96,7.08K,-0.10
"Jul 13, 2015",27961.19,27739.32,28005.17,27635.06,7.96K,1.08
"Jul 10, 2015",27661.40,27705.36,27729.46,27530.90,11.13K,0.32
"Jul 09, 2015",27573.66,27681.49,27798.13,27540.60,8.45K,-0.41
"Jul 08, 2015",27687.72,28031.45,28031.45,27635.72,14.10K,-1.72
"Jul 07, 2015",28171.69,28220.11,28335.23,28084.36,8.18K,-0.13
"Jul 06, 2015",28208.76,27857.20,28235.31,27774.80,8.57K,0.41
"Jul 03, 2015",28092.79,27973.12,28135.43,27897.45,6.22K,0.53
"Jul 02, 2015",27945.80,28100.38,28115.96,27906.35,7.01K,-0.27
"Jul 01, 2015",28020.87,27823.65,28099.25,27799.91,18.98K,0.86
"Jun 30, 2015",27780.83,27627.39,27814.53,27570.95,9.80K,0.49
"Jun 29, 2015",27645.15,27451.07,27695.32,27209.19,11.20K,-0.60
"Jun 26, 2015",27811.84,27880.72,27921.86,27675.16,9.94K,-0.30
"Jun 25, 2015",27895.97,27660.22,27968.75,27635.76,10.39K,0.60
"Jun 24, 2015",27729.67,27852.32,27948.24,27647.29,9.70K,-0.27
"Jun 23, 2015",27804.37,27760.11,27882.66,27666.59,8.94K,0.27
"Jun 22, 2015",27730.21,27427.19,27782.31,27417.03,8.42K,1.52
"Jun 19, 2015",27316.17,27207.76,27404.60,27202.38,8.31K,0.74
"Jun 18, 2015",27115.83,26916.99,27175.39,26910.26,10.78K,1.06
"Jun 17, 2015",26832.66,26815.41,26983.48,26728.89,23.73K,0.55
"Jun 16, 2015",26686.51,26586.86,26731.35,26379.93,13.46K,0.38
"Jun 15, 2015",26586.55,26498.67,26728.60,26307.84,11.34K,0.61
"Jun 12, 2015",26425.30,26340.32,26489.58,26307.07,9.89K,0.21
"Jun 11, 2015",26370.98,26959.98,27000.14,26348.93,11.64K,-1.75
"Jun 10, 2015",26840.50,26517.32,26934.74,26493.29,8.66K,1.36
"Jun 09, 2015",26481.25,26510.29,26604.65,26438.32,11.32K,-0.16
"Jun 08, 2015",26523.09,26814.31,26827.06,26472.87,8.11K,-0.92
"Jun 05, 2015",26768.49,26819.82,27014.42,26718.44,12.32K,-0.17
"Jun 04, 2015",26813.42,26940.64,26948.84,26551.97,12.02K,-0.09
"Jun 03, 2015",26837.20,27230.68,27276.22,26698.26,14.36K,-1.29
"Jun 02, 2015",27188.38,27890.73,27902.53,27146.68,14.92K,-2.37
"Jun 01, 2015",27848.99,27770.79,27959.43,27737.58,9.93K,0.07
"May 29, 2015",27828.44,27553.03,27888.32,27467.23,12.87K,1.17
"May 28, 2015",27506.71,27619.31,27666.37,27354.35,9.31K,-0.21
"May 27, 2015",27564.66,27447.40,27595.80,27363.72,8.94K,0.12
"May 26, 2015",27531.41,27633.66,27675.94,27473.54,7.32K,-0.41
"May 25, 2015",27643.88,27893.25,27903.29,27614.32,8.56K,-1.12
"May 22, 2015",27957.50,27849.54,28071.16,27828.61,18.38K,0.53
"May 21, 2015",27809.35,27885.36,27911.44,27712.73,8.68K,-0.10
"May 20, 2015",27837.21,27749.30,27903.01,27743.99,16.87K,0.69
"May 19, 2015",27645.53,27663.08,27872.23,27574.07,10.92K,-0.15
"May 18, 2015",27687.30,27416.97,27725.97,27370.28,7.99K,1.33
"May 15, 2015",27324.00,27233.90,27379.57,27159.76,9.64K,0.43
"May 14, 2015",27206.06,27290.17,27293.99,26948.62,9.16K,-0.17
"May 13, 2015",27251.10,27023.71,27299.80,26750.01,13.99K,1.39
"May 12, 2015",26877.48,27502.91,27502.91,26837.39,12.75K,-2.29
"May 11, 2015",27507.30,27249.42,27544.24,27231.28,11.64K,1.48
"May 08, 2015",27105.39,26814.38,27196.28,26814.38,9.10K,1.90
"May 07, 2015",26599.11,26721.34,26850.37,26423.99,12.87K,-0.44
"May 06, 2015",26717.37,27473.36,27501.15,26677.64,14.57K,-2.63
"May 05, 2015",27440.14,27561.32,27603.71,27338.23,11.73K,-0.18
"May 04, 2015",27490.59,27204.63,27537.85,27159.45,8.61K,1.77
"Apr 30, 2015",27011.31,27242.05,27242.05,26897.54,11.22K,-0.79
"Apr 29, 2015",27225.93,27395.71,27438.96,27176.54,9.76K,-0.62
"Apr 28, 2015",27396.38,27215.61,27482.14,27073.25,10.61K,0.81
"Apr 27, 2015",27176.99,27565.49,27567.28,27141.55,12.50K,-0.95
"Apr 24, 2015",27437.94,27804.58,27829.11,27344.70,12.41K,-1.07
"Apr 23, 2015",27735.02,27977.27,28087.78,27621.18,11.79K,-0.56
"Apr 22, 2015",27890.13,27756.68,27947.26,27385.48,12.07K,0.77
"Apr 21, 2015",27676.04,27860.51,27976.93,27598.21,21.26K,-0.75
"Apr 20, 2015",27886.21,28525.65,28539.46,27802.37,19.56K,-1.95
"Apr 17, 2015",28442.10,28682.97,28696.19,28403.76,14.32K,-0.78
"Apr 16, 2015",28666.04,28876.23,28876.23,28497.70,8.68K,-0.46
"Apr 15, 2015",28799.69,29087.25,29094.61,28721.63,10.80K,-0.84
"Apr 13, 2015",29044.44,28955.13,29072.51,28843.94,8.76K,0.57
"Apr 10, 2015",28879.38,28889.27,28907.81,28756.75,8.18K,-0.02
"Apr 09, 2015",28885.21,28858.42,28906.71,28622.44,13.53K,0.62
"Apr 08, 2015",28707.75,28601.49,28763.06,28566.61,10.14K,0.67
"Apr 07, 2015",28516.59,28582.33,28641.08,28274.36,12.33K,0.04
"Apr 06, 2015",28504.46,28351.94,28530.81,28221.99,8.57K,0.86
"Apr 01, 2015",28260.14,27954.86,28298.34,27889.02,8.32K,1.08
"Mar 31, 2015",27957.49,28069.85,28180.64,27868.21,11.40K,-0.07
"Mar 30, 2015",27975.86,27655.79,28017.97,27624.76,11.37K,1.88
"Mar 27, 2015",27458.64,27649.78,27694.41,27248.45,11.77K,0.00
"Mar 26, 2015",27457.58,27937.62,27997.14,27384.87,13.10K,-2.33
"Mar 25, 2015",28111.83,28216.09,28249.60,28031.42,17.88K,-0.18
"Mar 24, 2015",28161.72,28209.33,28455.32,28130.09,10.00K,-0.11
"Mar 23, 2015",28192.02,28317.29,28385.14,28163.90,10.32K,-0.24
"Mar 20, 2015",28261.08,28465.44,28484.36,28209.66,14.30K,-0.73
"Mar 19, 2015",28469.67,28805.22,28978.74,28411.70,11.85K,-0.53
"Mar 18, 2015",28622.12,28766.87,28806.97,28546.76,9.98K,-0.40
"Mar 17, 2015",28736.38,28595.00,28784.35,28435.45,11.33K,1.05
"Mar 16, 2015",28437.71,28546.31,28581.82,28384.09,11.45K,-0.23
"Mar 13, 2015",28503.30,29134.93,29183.76,28448.48,11.88K,-1.48
"Mar 12, 2015",28930.41,28798.61,28971.01,28772.71,11.37K,0.95
"Mar 11, 2015",28659.17,28725.75,28843.23,28608.18,12.92K,-0.18
"Mar 10, 2015",28709.87,28924.06,28949.11,28584.49,11.48K,-0.47
"Mar 09, 2015",28844.78,29316.54,29321.06,28799.76,12.15K,-2.05
"Mar 05, 2015",29448.95,29436.77,29518.32,29162.47,13.84K,0.23
"Mar 04, 2015",29380.73,29937.27,30024.74,29289.05,17.54K,-0.72
"Mar 03, 2015",29593.73,29500.19,29636.86,29364.87,12.60K,0.46
"Mar 02, 2015",29459.14,29533.42,29576.32,29259.77,15.83K,0.33
"Feb 28, 2015",29361.50,29411.33,29560.32,28882.02,24.90K,0.48
"Feb 27, 2015",29220.12,28865.12,29254.02,28837.06,16.95K,1.65
"Feb 26, 2015",28746.65,29051.90,29069.13,28693.82,11.03K,-0.90
"Feb 25, 2015",29007.99,29115.32,29269.83,28967.61,8.15K,0.01
"Feb 24, 2015",29004.66,29016.55,29130.67,28875.94,10.53K,0.10
"Feb 23, 2015",28975.11,29316.58,29362.96,28913.16,9.07K,-0.88
"Feb 20, 2015",29231.41,29446.21,29462.09,29178.26,11.90K,-0.78
"Feb 19, 2015",29462.27,29434.91,29522.86,29108.15,12.31K,0.48
"Feb 18, 2015",29320.26,29136.07,29411.32,29126.91,11.29K,0.63
"Feb 16, 2015",29135.88,29170.77,29325.35,29083.40,10.84K,0.14
"Feb 13, 2015",29094.93,28888.99,29154.67,28835.70,18.10K,1.01
"Feb 12, 2015",28805.10,28650.25,28838.52,28406.25,14.15K,0.95
"Feb 11, 2015",28533.97,28450.26,28618.91,28424.39,14.17K,0.63
"Feb 10, 2015",28355.62,28122.48,28633.72,28044.49,14.96K,0.45
"Feb 09, 2015",28227.39,28566.50,28566.50,28183.32,12.07K,-1.71
"Feb 06, 2015",28717.91,28892.21,28922.85,28647.14,11.82K,-0.46
"Feb 05, 2015",28850.97,28912.38,29277.83,28753.29,13.19K,-0.11
"Feb 04, 2015",28883.11,29129.85,29133.62,28824.68,16.29K,-0.40
"Feb 03, 2015",29000.14,29217.40,29253.06,28900.41,17.07K,-0.42
"Feb 02, 2015",29122.27,29143.63,29268.13,28958.52,18.59K,-0.21
"Jan 30, 2015",29182.95,29801.60,29844.16,29070.48,16.31K,-1.68
"Jan 29, 2015",29681.77,29516.49,29740.63,29378.30,13.09K,0.41
"Jan 28, 2015",29559.18,29565.72,29786.32,29417.67,11.52K,-0.04
"Jan 27, 2015",29571.04,29451.65,29618.59,29286.09,11.63K,1.00
"Jan 23, 2015",29278.84,29189.45,29408.73,29165.56,12.26K,0.94
"Jan 22, 2015",29006.02,28957.79,29060.41,28892.23,11.36K,0.41
"Jan 21, 2015",28888.86,28843.09,28958.10,28792.57,15.87K,0.36
"Jan 20, 2015",28784.67,28324.85,28829.29,28324.85,11.42K,1.85
"Jan 19, 2015",28262.01,28249.84,28334.06,28197.36,11.18K,0.50
"Jan 16, 2015",28121.89,28056.61,28176.10,27945.31,12.50K,0.17
"Jan 15, 2015",28075.55,27831.16,28194.61,27703.70,17.23K,2.66
"Jan 14, 2015",27346.82,27432.14,27512.80,27203.25,10.54K,-0.29
"Jan 13, 2015",27425.73,27611.56,27670.19,27324.58,7.97K,-0.58
"Jan 12, 2015",27585.27,27523.86,27620.66,27323.74,7.73K,0.46
"Jan 09, 2015",27458.38,27404.19,27507.67,27119.63,11.39K,0.67
"Jan 08, 2015",27274.71,27178.77,27316.41,27101.94,8.48K,1.36
"Jan 07, 2015",26908.82,26983.43,27051.60,26776.12,12.21K,-0.29
"Jan 06, 2015",26987.46,27694.23,27698.93,26937.06,14.13K,-3.07
"Jan 05, 2015",27842.32,27978.43,28064.49,27786.85,9.25K,-0.16
"Jan 02, 2015",27887.90,27521.28,27937.47,27519.26,7.40K,1.38
"Jan 01, 2015",27507.54,27485.77,27545.61,27395.34,4.70K,0.03
"Dec 31, 2014",27499.42,27358.30,27527.24,27346.00,6.59K,0.35
"Dec 30, 2014",27403.54,27478.30,27478.30,27312.29,5.26K,0.03
"Dec 29, 2014",27395.73,27266.49,27507.25,27266.49,5.85K,0.57
"Dec 26, 2014",27241.78,27215.19,27370.63,27091.38,6.15K,0.12
"Dec 24, 2014",27208.61,27530.26,27571.25,27146.52,10.62K,-1.08
"Dec 23, 2014",27506.46,27733.12,27851.10,27475.13,8.97K,-0.71
"Dec 22, 2014",27701.79,27479.87,27725.27,27382.32,7.43K,1.21
"Dec 19, 2014",27371.84,27292.55,27497.12,27292.14,11.79K,0.90
"Dec 18, 2014",27126.57,27053.86,27180.92,26900.57,11.23K,1.56
"Dec 17, 2014",26710.13,26724.01,26871.91,26469.42,16.59K,-0.27
"Dec 16, 2014",26781.44,27181.18,27199.37,26736.23,14.30K,-1.97
"Dec 15, 2014",27319.56,27136.28,27392.18,27105.04,9.10K,-0.11
"Dec 12, 2014",27350.68,27598.96,27692.32,27320.05,10.90K,-0.91
"Dec 11, 2014",27602.01,27796.34,27796.34,27539.47,9.75K,-0.82
"Dec 10, 2014",27831.10,27711.96,27905.25,27710.03,9.92K,0.12
"Dec 09, 2014",27797.01,28134.22,28157.53,27763.82,9.59K,-1.15
"Dec 08, 2014",28119.40,28433.00,28494.85,28097.12,9.48K,-1.19
"Dec 05, 2014",28458.10,28604.50,28651.75,28409.05,7.68K,-0.37
"Dec 04, 2014",28562.82,28616.93,28808.78,28448.95,10.44K,0.42
"Dec 03, 2014",28442.71,28472.32,28504.65,28370.73,10.10K,0.00
"Dec 02, 2014",28444.01,28522.46,28576.39,28386.46,11.23K,-0.40
"Dec 01, 2014",28559.62,28748.22,28809.64,28538.44,8.33K,-0.47
"Nov 28, 2014",28693.99,28490.71,28822.37,28483.99,14.64K,0.90
"Nov 27, 2014",28438.91,28397.80,28498.30,28307.58,11.92K,0.19
"Nov 26, 2014",28386.19,28321.58,28470.15,28261.31,8.72K,0.17
"Nov 25, 2014",28338.05,28520.76,28541.22,28217.50,10.85K,-0.57
"Nov 24, 2014",28499.54,28413.01,28541.96,28394.48,9.71K,0.58
"Nov 21, 2014",28334.63,28100.10,28360.66,28038.40,10.13K,0.95
"Nov 20, 2014",28067.56,28100.84,28118.53,27915.23,8.74K,0.12
"Nov 19, 2014",28032.85,28193.90,28294.01,27963.51,6.83K,-0.46
"Nov 18, 2014",28163.29,28209.03,28282.85,28119.95,7.27K,-0.05
"Nov 17, 2014",28177.88,28018.68,28205.71,27921.34,6.70K,0.47
"Nov 14, 2014",28046.66,27949.54,28093.23,27912.90,9.92K,0.38
"Nov 13, 2014",27940.64,28048.56,28098.74,27822.70,8.74K,-0.24
"Nov 12, 2014",28008.90,27958.64,28126.48,27958.64,7.01K,0.35
"Nov 11, 2014",27910.06,27911.25,27996.92,27790.40,7.02K,0.13
"Nov 10, 2014",27874.73,27919.45,28027.96,27764.75,7.94K,0.02
"Nov 07, 2014",27868.63,27902.71,27980.93,27739.56,10.45K,-0.17
"Nov 05, 2014",27915.88,27907.19,28010.39,27857.65,8.73K,0.20
"Nov 03, 2014",27860.38,27943.04,27969.82,27785.40,9.45K,-0.02
"Oct 31, 2014",27865.83,27439.06,27894.32,27438.28,11.61K,1.90
"Oct 30, 2014",27346.33,27098.94,27390.60,27088.65,7.02K,0.92
"Oct 29, 2014",27098.17,27017.44,27126.30,26971.16,8.14K,0.81
"Oct 28, 2014",26880.82,26788.73,26907.14,26764.15,6.81K,0.48
"Oct 27, 2014",26752.90,26959.57,26994.96,26726.84,6.48K,-0.37
"Oct 23, 2014",26851.05,26889.51,26930.23,26827.68,1.67K,0.24
"Oct 22, 2014",26787.23,26782.57,26818.33,26712.21,6.01K,0.80
"Oct 21, 2014",26575.65,26552.45,26615.41,26407.00,8.43K,0.55
"Oct 20, 2014",26429.85,26434.16,26517.90,26368.94,9.35K,1.23
"Oct 17, 2014",26108.53,25950.00,26248.54,25910.77,9.38K,0.42
"Oct 16, 2014",25999.34,26260.35,26462.08,25933.98,10.71K,-1.33
"Oct 14, 2014",26349.33,26537.42,26550.79,26212.01,11.89K,-0.13
"Oct 13, 2014",26384.07,26275.07,26443.16,26092.69,6.43K,0.33
"Oct 10, 2014",26297.38,26551.74,26555.92,26261.61,9.25K,-1.28
"Oct 09, 2014",26637.28,26394.37,26688.70,26394.21,7.53K,1.49
"Oct 08, 2014",26246.79,26229.67,26338.31,26150.09,8.57K,-0.10
"Oct 07, 2014",26271.97,26487.51,26570.38,26250.24,10.22K,-1.11
"Oct 01, 2014",26567.99,26681.47,26683.70,26548.22,7.91K,-0.23
"Sep 30, 2014",26630.51,26610.71,26851.33,26481.31,8.18K,0.13
"Sep 29, 2014",26597.11,26694.41,26715.77,26518.01,6.54K,-0.11
"Sep 26, 2014",26626.32,26429.30,26721.03,26220.49,10.02K,0.60
"Sep 25, 2014",26468.36,26808.66,26814.20,26349.55,11.04K,-1.03
"Sep 24, 2014",26744.69,26817.94,26844.70,26560.00,12.25K,-0.12
"Sep 23, 2014",26775.69,27244.98,27256.87,26744.07,7.89K,-1.58
"Sep 22, 2014",27206.74,27008.12,27254.80,26918.93,7.12K,0.43
"Sep 19, 2014",27090.42,27139.39,27247.17,27047.68,7.35K,-0.08
"Sep 18, 2014",27112.21,26573.89,27132.20,26503.08,7.00K,1.81
"Sep 17, 2014",26631.29,26627.21,26682.64,26511.71,7.63K,0.52
"Sep 16, 2014",26492.51,26854.90,26861.29,26464.03,9.39K,-1.21
"Sep 15, 2014",26816.56,26998.07,26998.07,26790.91,5.95K,-0.90
"Sep 12, 2014",27061.04,27048.15,27096.87,26965.91,8.05K,0.24
"Sep 11, 2014",26995.87,27143.22,27150.78,26904.50,7.63K,-0.23
"Sep 10, 2014",27057.41,27230.94,27251.44,27018.11,5.89K,-0.76
"Sep 09, 2014",27265.32,27316.43,27328.27,27177.09,7.65K,-0.20
"Sep 08, 2014",27319.85,27145.12,27354.99,27144.56,7.27K,1.08
"Sep 05, 2014",27026.70,27127.26,27178.80,26920.56,7.07K,-0.22
"Sep 04, 2014",27085.93,27164.95,27169.12,26972.39,7.36K,-0.20
"Sep 03, 2014",27139.94,27128.06,27225.85,27067.02,9.74K,0.45
"Sep 02, 2014",27019.39,26888.21,27082.85,26886.22,8.01K,0.57
"Sep 01, 2014",26867.55,26733.18,26900.30,26732.39,9.15K,0.86
"Aug 28, 2014",26638.11,26620.18,26674.38,26573.69,6.68K,0.29
"Aug 27, 2014",26560.15,26553.24,26599.12,26492.50,6.63K,0.44
"Aug 26, 2014",26442.81,26349.87,26481.97,26314.89,9.46K,0.02
"Aug 25, 2014",26437.02,26490.31,26630.74,26401.64,10.03K,0.07
"Aug 22, 2014",26419.55,26419.53,26508.27,26383.16,6.71K,0.23
"Aug 21, 2014",26360.11,26322.66,26464.80,26262.52,6.54K,0.17
"Aug 20, 2014",26314.29,26496.29,26504.52,26277.61,8.86K,-0.40
"Aug 19, 2014",26420.67,26482.56,26530.67,26387.84,10.41K,0.11
"Aug 18, 2014",26390.96,26123.69,26413.11,26075.28,8.24K,1.10
"Aug 14, 2014",26103.23,25948.30,26135.00,25945.35,10.13K,0.71
"Aug 13, 2014",25918.95,25861.47,25972.62,25791.79,8.81K,0.15
"Aug 12, 2014",25880.77,25703.78,25904.98,25645.79,8.09K,1.42
"Aug 11, 2014",25519.24,25476.87,25553.44,25437.05,6.04K,0.75
"Aug 08, 2014",25329.14,25406.87,25406.87,25232.82,7.55K,-1.02
"Aug 07, 2014",25589.01,25668.71,25778.05,25526.05,7.05K,-0.30
"Aug 06, 2014",25665.27,25892.55,25901.68,25621.85,6.79K,-0.94
"Aug 05, 2014",25908.01,25817.84,25928.32,25562.36,8.81K,0.72
"Aug 04, 2014",25723.16,25631.68,25754.42,25531.38,7.39K,0.95
"Aug 01, 2014",25480.84,25753.92,25862.68,25459.13,12.68K,-1.60
"Jul 31, 2014",25894.97,26105.89,26118.88,25853.69,9.25K,-0.74
"Jul 30, 2014",26087.42,26005.14,26113.48,25850.04,9.19K,0.37
"Jul 28, 2014",25991.23,26173.47,26181.83,25900.25,7.39K,-0.52
"Jul 25, 2014",26126.75,26257.14,26300.17,26007.31,11.05K,-0.55
"Jul 24, 2014",26271.85,26188.50,26292.66,26077.70,7.78K,0.48
"Jul 23, 2014",26147.33,26130.26,26188.64,26000.40,8.19K,0.47
"Jul 22, 2014",26025.80,25784.48,26050.38,25780.39,8.47K,1.21
"Jul 21, 2014",25715.17,25776.54,25861.15,25677.71,7.63K,0.29
"Jul 18, 2014",25641.56,25558.48,25713.40,25441.24,8.26K,0.31
"Jul 17, 2014",25561.16,25540.92,25613.03,25494.46,21.93K,0.04
"Jul 16, 2014",25549.72,25322.17,25602.78,25246.75,9.58K,1.27
"Jul 15, 2014",25228.65,25100.90,25254.48,25020.32,8.13K,0.89
"Jul 14, 2014",25006.98,25093.16,25095.76,24892.00,11.44K,-0.07
"Jul 11, 2014",25024.35,25488.86,25548.33,24978.33,18.63K,-1.37
"Jul 10, 2014",25372.75,25513.74,25920.46,25117.00,16.91K,-0.28
"Jul 09, 2014",25444.81,25615.28,25683.97,25364.77,10.54K,-0.54
"Jul 08, 2014",25582.11,26166.92,26190.44,25495.04,12.66K,-1.98
"Jul 07, 2014",26100.08,26039.67,26123.55,25992.73,8.90K,0.53
"Jul 04, 2014",25962.06,25844.80,25981.51,25659.33,9.54K,0.54
"Jul 03, 2014",25823.75,25875.75,25999.08,25793.70,3.69K,-0.07
"Jul 02, 2014",25841.21,25660.57,25864.53,25660.16,12.29K,1.27
"Jul 01, 2014",25516.35,25469.94,25571.90,25466.77,10.62K,0.40
"Jun 30, 2014",25413.78,25179.55,25460.96,25179.55,9.51K,1.25
"Jun 27, 2014",25099.92,25132.08,25209.61,25032.94,10.11K,0.15
"Jun 26, 2014",25062.67,25217.69,25309.33,25021.23,10.28K,-0.99
"Jun 25, 2014",25313.74,25421.49,25427.80,25274.39,7.67K,-0.22
"Jun 24, 2014",25368.90,25115.83,25414.69,25115.83,9.66K,1.35
"Jun 23, 2014",25031.32,25108.09,25197.50,24878.66,10.23K,-0.30
"Jun 20, 2014",25105.51,25237.54,25276.31,25056.18,8.75K,-0.38
"Jun 19, 2014",25201.80,25327.09,25425.85,25069.66,15.20K,-0.18
"Jun 18, 2014",25246.25,25565.19,25609.28,25114.30,13.21K,-1.08
"Jun 17, 2014",25521.19,25189.46,25545.88,25104.50,11.29K,1.31
"Jun 16, 2014",25190.48,25239.50,25268.41,25063.93,12.01K,-0.15
"Jun 13, 2014",25228.17,25677.05,25688.31,25171.61,14.71K,-1.36
"Jun 12, 2014",25576.21,25597.21,25611.32,25409.69,10.20K,0.40
"Jun 11, 2014",25473.89,25650.62,25735.87,25365.65,13.99K,-0.43
"Jun 10, 2014",25583.69,25706.35,25711.11,25347.33,13.63K,0.01
"Jun 09, 2014",25580.21,25543.60,25644.77,25496.84,15.27K,0.72
"Jun 06, 2014",25396.46,25204.95,25419.14,25129.76,18.10K,1.51
"Jun 05, 2014",25019.51,24828.38,25044.06,24644.88,17.47K,0.86
"Jun 04, 2014",24805.83,24909.03,24925.90,24773.93,14.78K,-0.21
"Jun 03, 2014",24858.59,24729.22,24892.06,24626.97,21.06K,0.70
"Jun 02, 2014",24684.85,24368.96,24709.09,24270.20,14.43K,1.93
"May 30, 2014",24217.34,24300.99,24353.59,24163.62,14.89K,-0.07
"May 29, 2014",24234.15,24523.13,24528.20,24206.50,15.98K,-1.31
"May 28, 2014",24556.09,24591.61,24643.33,24488.81,15.12K,0.03
"May 27, 2014",24549.51,24748.10,24777.31,24422.33,12.64K,-0.68
"May 26, 2014",24716.88,24913.89,25175.22,24433.90,21.86K,0.10
"May 23, 2014",24693.35,24535.14,24745.86,24470.78,21.18K,1.31
"May 22, 2014",24374.40,24415.42,24524.76,24326.48,14.46K,0.31
"May 21, 2014",24298.02,24404.48,24419.54,24156.47,17.95K,-0.32
"May 20, 2014",24376.88,24555.31,24587.16,24299.53,19.03K,0.06
"May 19, 2014",24363.05,24340.32,24448.47,24107.99,23.47K,1.00
"May 16, 2014",24121.74,24271.54,25375.63,23873.16,35.65K,0.90
"May 15, 2014",23905.60,23809.42,23971.78,23742.75,14.91K,0.38
"May 14, 2014",23815.12,23897.88,23964.67,23753.36,11.46K,-0.24
"May 13, 2014",23871.23,23729.78,24068.94,23729.25,18.24K,1.36
"May 12, 2014",23551.00,23031.11,23572.88,23008.65,12.38K,2.42
"May 09, 2014",22994.23,22374.98,23048.49,22317.18,11.25K,2.91
"May 08, 2014",22344.04,22382.14,22443.13,22277.04,5.95K,0.09
"May 07, 2014",22323.90,22488.96,22532.82,22286.26,10.84K,-0.82
"May 06, 2014",22508.42,22512.23,22602.71,22475.65,6.15K,0.28
"May 05, 2014",22445.12,22412.80,22592.03,22354.45,11.67K,0.18
"May 02, 2014",22403.89,22493.59,22575.62,22386.95,6.26K,-0.06
"Apr 30, 2014",22417.80,22517.63,22680.46,22284.96,9.72K,-0.22
"Apr 29, 2014",22466.19,22654.28,22681.89,22443.56,7.73K,-0.73
"Apr 28, 2014",22631.61,22717.59,22721.36,22597.19,6.85K,-0.25
"Apr 25, 2014",22688.07,22892.50,22939.31,22656.64,7.47K,-0.82
"Apr 23, 2014",22876.54,22783.65,22912.52,22780.13,7.24K,0.52
"Apr 22, 2014",22758.37,22771.24,22853.03,22727.63,9.02K,-0.03
"Apr 21, 2014",22764.83,22644.75,22795.58,22636.75,9.12K,0.60
"Apr 17, 2014",22628.84,22327.76,22648.69,22312.19,8.46K,1.58
"Apr 16, 2014",22277.23,22486.73,22533.61,22247.39,6.73K,-0.92
"Apr 15, 2014",22484.93,22698.09,22737.31,22416.24,8.56K,-0.64
"Apr 11, 2014",22628.96,22642.05,22679.18,22526.89,9.48K,-0.38
"Apr 10, 2014",22715.33,22729.46,22792.49,22644.43,10.88K,0.06
"Apr 09, 2014",22702.34,22389.21,22740.04,22379.95,8.52K,1.61
"Apr 07, 2014",22343.45,22355.56,22481.62,22197.51,4.74K,-0.07
"Apr 04, 2014",22359.50,22522.46,22525.21,22339.40,7.11K,-0.66
"Apr 03, 2014",22509.07,22598.19,22620.65,22369.28,7.41K,-0.19
"Apr 02, 2014",22551.49,22550.58,22592.10,22473.46,15.68K,0.47
"Apr 01, 2014",22446.44,22455.23,22485.77,22295.65,11.01K,0.27
"Mar 31, 2014",22386.27,22423.14,22467.21,22253.78,11.21K,0.21
"Mar 28, 2014",22339.97,22273.44,22363.97,22185.11,9.19K,0.57
"Mar 27, 2014",22214.37,22116.23,22307.74,22094.29,10.41K,0.54
"Mar 26, 2014",22095.30,22134.71,22172.20,22020.58,10.60K,0.18
"Mar 25, 2014",22055.21,21948.31,22079.96,21916.87,7.84K,0.00
"Mar 24, 2014",22055.48,21827.50,22074.34,21827.50,9.04K,1.38
"Mar 22, 2014",21755.32,21752.44,21778.92,21725.52,0.74K,0.01
"Mar 21, 2014",21753.75,21823.52,21870.11,21729.90,60.61K,0.06
"Mar 20, 2014",21740.09,21797.61,21853.25,21704.66,7.61K,-0.42
"Mar 19, 2014",21832.86,21872.68,21895.83,21782.01,11.03K,0.00
"Mar 18, 2014",21832.61,21849.65,22040.72,21785.38,8.61K,0.10
"Mar 14, 2014",21809.80,21648.05,21853.32,21573.48,8.76K,0.16
"Mar 13, 2014",21774.61,21736.61,21991.36,21720.13,9.55K,-0.37
"Mar 12, 2014",21856.22,21793.32,21965.95,21768.14,10.43K,0.14
"Mar 11, 2014",21826.42,21918.83,22018.52,21772.11,11.96K,-0.49
"Mar 10, 2014",21934.83,21819.19,22023.98,21805.22,15.50K,0.07
"Mar 07, 2014",21919.79,21539.44,21960.89,21539.44,15.24K,1.89
"Mar 06, 2014",21513.87,21336.32,21525.14,21329.88,9.67K,1.11
"Mar 05, 2014",21276.86,21280.36,21333.20,21176.16,7.46K,0.32
"Mar 04, 2014",21209.73,20947.00,21224.64,20940.39,9.66K,1.26
"Mar 03, 2014",20946.65,21079.27,21140.00,20920.98,121.62K,-0.82
"Feb 28, 2014",21120.12,20995.39,21140.51,20989.66,11.44K,0.63
"Feb 26, 2014",20986.99,20869.61,21005.04,20860.02,8.51K,0.65
"Feb 25, 2014",20852.47,20877.72,20912.54,20777.73,9.51K,0.20
"Feb 24, 2014",20811.44,20695.48,20828.63,20637.30,12.47K,0.53
"Feb 21, 2014",20700.75,20600.58,20725.04,20599.91,6.25K,0.80
"Feb 20, 2014",20536.64,20661.07,20662.66,20522.04,5.99K,-0.90
"Feb 19, 2014",20722.97,20643.85,20750.52,20629.56,4.73K,0.43
"Feb 18, 2014",20634.21,20457.56,20685.02,20436.48,9.38K,0.83
"Feb 17, 2014",20464.06,20438.87,20492.43,20338.95,6.06K,0.48
"Feb 14, 2014",20366.82,20265.13,20391.95,20149.01,8.30K,0.86
"Feb 13, 2014",20193.35,20478.67,20503.86,20164.67,7.92K,-1.25
"Feb 12, 2014",20448.49,20449.83,20516.60,20427.23,10.07K,0.42
"Feb 11, 2014",20363.37,20400.94,20443.35,20349.51,9.39K,0.14
"Feb 10, 2014",20334.27,20429.16,20434.50,20312.21,7.86K,-0.21
"Feb 07, 2014",20376.56,20441.04,20450.51,20282.30,11.06K,0.32
"Feb 06, 2014",20310.74,20286.09,20358.19,20079.82,12.39K,0.25
"Feb 05, 2014",20261.03,20241.12,20289.33,20076.10,9.31K,0.24
"Feb 04, 2014",20211.93,20050.99,20255.52,19963.12,9.78K,0.01
"Feb 03, 2014",20209.26,20479.03,20480.35,20182.20,5.74K,-1.48
"Jan 31, 2014",20513.85,20544.64,20572.32,20448.43,6.11K,0.08
"Jan 30, 2014",20498.25,20491.74,20528.41,20343.78,12.59K,-0.72
"Jan 29, 2014",20647.30,20784.04,20828.68,20613.62,7.82K,-0.18
"Jan 28, 2014",20683.51,20721.17,20795.35,20554.28,8.22K,-0.12
"Jan 27, 2014",20707.45,20899.03,20899.03,20688.03,10.10K,-2.02
"Jan 24, 2014",21133.56,21289.15,21333.66,21123.99,10.79K,-1.12
"Jan 23, 2014",21373.66,21319.69,21409.66,21264.71,6.47K,0.17
"Jan 22, 2014",21337.67,21251.65,21377.91,21168.43,13.37K,0.41
"Jan 21, 2014",21251.12,21237.96,21302.52,21189.20,9.45K,0.22
"Jan 20, 2014",21205.05,21083.53,21221.37,21001.13,6.04K,0.67
"Jan 17, 2014",21063.62,21236.65,21270.11,21015.61,12.05K,-0.95
"Jan 16, 2014",21265.18,21366.91,21379.29,21199.65,13.37K,-0.11
"Jan 15, 2014",21289.49,21091.46,21302.73,21091.46,9.39K,1.22
"Jan 14, 2014",21032.88,21115.00,21154.76,21009.05,5.57K,-0.48
"Jan 13, 2014",21134.21,20850.54,21169.08,20850.54,7.88K,1.81
"Jan 10, 2014",20758.49,20760.72,20971.23,20625.17,10.42K,0.22
"Jan 09, 2014",20713.37,20755.73,20778.13,20652.69,9.00K,-0.08
"Jan 08, 2014",20729.38,20767.42,20786.41,20688.18,7.95K,0.17
"Jan 07, 2014",20693.24,20845.77,20890.48,20637.18,8.07K,-0.45
"Jan 06, 2014",20787.30,20913.79,20913.79,20721.98,7.56K,-0.31
"Jan 03, 2014",20851.33,20819.58,20885.18,20731.33,9.32K,-0.18
"Jan 02, 2014",20888.33,21179.91,21331.32,20846.67,9.31K,-1.19
"Jan 01, 2014",21140.48,21222.19,21244.35,21133.82,4.07K,-0.14
"Dec 31, 2013",21170.68,21177.77,21230.88,21122.68,4.98K,0.13
"Dec 30, 2013",21143.01,21260.15,21304.70,21089.21,6.13K,-0.24
"Dec 27, 2013",21193.58,21114.49,21235.14,21113.25,5.48K,0.56
"Dec 26, 2013",21074.59,21051.00,21135.85,21013.14,7.32K,0.20
"Dec 24, 2013",21032.71,21127.66,21156.92,21010.65,5.78K,-0.32
"Dec 23, 2013",21101.03,21080.54,21207.89,21059.12,6.71K,0.10
"Dec 20, 2013",21079.72,20792.37,21117.99,20745.94,9.07K,1.79
"Dec 19, 2013",20708.62,20959.80,21017.45,20646.03,10.34K,-0.73
"Dec 18, 2013",20859.86,20568.70,20917.57,20568.70,8.42K,1.20
"Dec 17, 2013",20612.14,20732.44,20784.03,20594.99,8.26K,-0.23
"Dec 16, 2013",20659.52,20714.26,20764.52,20637.77,10.34K,-0.27
"Dec 13, 2013",20715.58,20867.17,20867.17,20692.67,9.48K,-1.00
"Dec 12, 2013",20925.61,21101.05,21103.80,20901.47,9.06K,-1.16
"Dec 11, 2013",21171.41,21191.27,21215.94,21069.45,10.64K,-0.39
"Dec 10, 2013",21255.26,21293.58,21327.75,21175.08,17.30K,-0.33
"Dec 09, 2013",21326.42,21416.67,21483.74,21282.64,13.35K,1.57
"Dec 06, 2013",20996.53,20955.74,21049.84,20922.45,10.07K,0.18
"Dec 05, 2013",20957.81,20992.25,21165.60,20929.20,11.85K,1.20
"Dec 04, 2013",20708.71,20839.45,20863.37,20673.62,12.24K,-0.70
"Dec 03, 2013",20854.92,20857.85,20927.05,20817.75,12.00K,-0.21
"Dec 02, 2013",20898.01,20771.27,20941.00,20770.51,9.64K,0.51
"Nov 29, 2013",20791.93,20558.93,20819.77,20558.93,11.15K,1.25
"Nov 28, 2013",20534.91,20522.36,20606.38,20461.51,8.98K,0.56
"Nov 27, 2013",20420.26,20449.00,20482.67,20348.06,7.04K,-0.02
"Nov 26, 2013",20425.02,20604.27,20604.27,20390.62,10.48K,-0.87
"Nov 25, 2013",20605.08,20326.66,20626.15,20326.66,8.17K,1.92
"Nov 22, 2013",20217.39,20316.58,20388.12,20137.67,10.58K,-0.06
"Nov 21, 2013",20229.05,20579.26,20579.26,20189.23,8.06K,-1.97
"Nov 20, 2013",20635.13,20857.01,20895.30,20579.94,8.89K,-1.22
"Nov 19, 2013",20890.82,20870.16,20934.40,20828.69,11.32K,0.19
"Nov 18, 2013",20850.74,20570.59,20868.76,20570.59,10.94K,2.21
"Nov 14, 2013",20399.42,20351.39,20568.99,20348.27,12.64K,1.02
"Nov 13, 2013",20194.40,20248.52,20365.59,20161.64,8.99K,-0.43
"Nov 12, 2013",20281.91,20510.31,20584.22,20262.22,10.25K,-1.02
"Nov 11, 2013",20490.96,20596.40,20672.53,20453.15,10.27K,-0.85
"Nov 08, 2013",20666.15,20785.20,20821.01,20600.90,10.68K,-0.75
"Nov 07, 2013",20822.77,20896.13,21142.85,20797.06,11.91K,-0.35
"Nov 06, 2013",20894.94,21004.54,21045.38,20861.42,10.89K,-0.38
"Nov 05, 2013",20974.79,21134.10,21158.56,20951.71,11.87K,-1.37
"Nov 03, 2013",21266.07,21278.08,21321.53,21243.76,1.40K,0.33
"Nov 01, 2013",21196.81,21158.81,21293.88,21141.32,9.99K,0.15
"Oct 31, 2013",21164.52,21000.60,21205.44,20991.98,11.95K,0.62
"Oct 30, 2013",21033.97,20944.14,21086.59,20937.12,10.45K,0.50
"Oct 29, 2013",20929.01,20593.49,20952.55,20493.66,11.29K,1.74
"Oct 28, 2013",20570.28,20696.51,20771.36,20550.64,8.07K,-0.55
"Oct 25, 2013",20683.52,20725.52,20782.16,20622.55,9.59K,-0.20
"Oct 24, 2013",20725.43,20766.05,21039.42,20656.70,8.25K,-0.20
"Oct 23, 2013",20767.88,20875.31,20922.32,20589.72,11.19K,-0.47
"Oct 22, 2013",20864.97,20863.15,20948.91,20810.25,10.73K,-0.14
"Oct 21, 2013",20893.89,20915.76,20970.92,20768.99,12.24K,0.05
"Oct 18, 2013",20882.89,20486.78,20932.23,20486.78,15.70K,2.29
"Oct 17, 2013",20415.51,20579.56,20629.80,20375.42,10.30K,-0.64
"Oct 15, 2013",20547.62,20722.90,20759.58,20446.73,13.55K,-0.29
"Oct 14, 2013",20607.54,20534.61,20645.94,20497.88,8.87K,0.38
"Oct 11, 2013",20528.59,20535.90,20559.69,20368.06,11.68K,1.26
"Oct 10, 2013",20272.91,20228.76,20323.77,20135.91,10.35K,0.12
"Oct 09, 2013",20249.26,19918.20,20277.74,19826.96,10.17K,1.33
"Oct 08, 2013",19983.61,20094.21,20150.27,19936.72,10.88K,0.44
"Oct 07, 2013",19895.10,19880.94,19921.38,19647.88,12.35K,-0.10
"Oct 04, 2013",19915.95,19870.00,20052.00,19833.17,12.90K,0.07
"Oct 03, 2013",19902.07,19585.79,19929.24,19583.97,15.69K,1.97
"Oct 01, 2013",19517.15,19452.05,19532.91,19264.72,9.24K,0.71
"Sep 30, 2013",19379.77,19643.89,19651.31,19320.73,10.01K,-1.76
"Sep 27, 2013",19727.27,19951.73,19981.57,19674.38,11.80K,-0.84
"Sep 26, 2013",19893.85,19853.66,19997.28,19826.99,14.94K,0.19
"Sep 25, 2013",19856.24,19947.43,19978.49,19658.74,13.86K,-0.32
"Sep 24, 2013",19920.21,19820.03,20050.42,19782.78,10.71K,0.10
"Sep 23, 2013",19900.96,20060.82,20199.81,19826.30,11.08K,-1.79
"Sep 20, 2013",20263.71,20616.35,20677.99,20051.43,13.54K,-1.85
"Sep 19, 2013",20646.64,20354.73,20739.69,20347.30,18.26K,3.43
"Sep 18, 2013",19962.16,19865.99,20013.33,19775.29,9.26K,0.80
"Sep 17, 2013",19804.03,19721.90,19819.10,19635.44,9.94K,0.31
"Sep 16, 2013",19742.47,19977.38,20086.43,19596.15,11.17K,0.05
"Sep 13, 2013",19732.76,19744.54,19899.37,19675.68,10.57K,-0.25
"Sep 12, 2013",19781.88,20046.05,20052.05,19676.49,11.88K,-1.08
"Sep 11, 2013",19997.45,19999.77,20055.53,19777.63,15.71K,0.00
"Sep 10, 2013",19997.10,19448.39,20012.69,19444.66,17.75K,3.77
"Sep 06, 2013",19270.06,19072.02,19293.96,18929.38,15.62K,1.53
"Sep 05, 2013",18979.76,18857.60,19117.52,18847.02,13.77K,2.22
"Sep 04, 2013",18567.55,18314.68,18612.60,18188.43,14.39K,1.83
"Sep 03, 2013",18234.66,19002.77,19007.31,18166.17,19.37K,-3.45
"Sep 02, 2013",18886.13,18691.83,18942.06,18678.93,10.73K,1.43
"Aug 30, 2013",18619.72,18424.72,18679.26,18272.76,18.50K,1.19
"Aug 29, 2013",18401.04,18073.66,18455.66,18071.22,18.53K,2.25
"Aug 28, 2013",17996.15,17851.44,18101.84,17448.71,21.38K,0.16
"Aug 27, 2013",17968.08,18460.72,18460.72,17921.82,17.87K,-3.18
"Aug 26, 2013",18558.13,18602.56,18728.19,18488.93,17.25K,0.21
"Aug 23, 2013",18519.44,18386.53,18546.60,18210.75,19.25K,1.13
"Aug 22, 2013",18312.94,17896.84,18349.82,17759.59,19.78K,2.27
"Aug 21, 2013",17905.91,18545.44,18567.70,17807.19,17.41K,-1.86
"Aug 20, 2013",18246.04,18142.83,18306.46,17970.98,18.20K,-0.34
"Aug 19, 2013",18307.52,18587.38,18587.38,18139.15,14.26K,-1.56
"Aug 16, 2013",18598.18,19297.11,19310.95,18559.65,14.27K,-3.97
"Aug 14, 2013",19367.59,19299.42,19392.56,19203.63,14.66K,0.72
"Aug 13, 2013",19229.84,18895.26,19248.11,18864.81,11.93K,1.49
"Aug 12, 2013",18946.98,18898.94,19066.97,18796.01,11.70K,0.84
"Aug 08, 2013",18789.34,18687.30,18829.26,18621.67,11.86K,0.67
"Aug 07, 2013",18664.88,18758.53,18811.46,18551.35,12.76K,-0.36
"Aug 06, 2013",18733.04,19127.10,19131.92,18667.30,13.78K,-2.34
"Aug 05, 2013",19182.26,19178.06,19306.51,19141.68,11.97K,0.10
"Aug 02, 2013",19164.02,19399.55,19451.70,19078.72,8.60K,-0.79
"Aug 01, 2013",19317.19,19443.29,19569.20,19170.46,10.58K,-0.15
"Jul 31, 2013",19345.70,19304.07,19387.50,19126.82,13.89K,-0.01
"Jul 30, 2013",19348.34,19577.75,19672.72,19328.54,9.46K,-1.25
"Jul 29, 2013",19593.28,19714.42,19751.03,19570.87,9.93K,-0.78
"Jul 26, 2013",19748.19,19892.47,19907.45,19699.76,10.95K,-0.29
"Jul 25, 2013",19804.76,20062.00,20110.81,19763.90,12.79K,-1.42
"Jul 24, 2013",20090.68,20200.20,20252.70,19994.25,8.02K,-1.04
"Jul 23, 2013",20302.13,20249.98,20351.06,20249.98,7.79K,0.71
"Jul 22, 2013",20159.12,20096.71,20264.90,20065.69,9.41K,0.05
"Jul 19, 2013",20149.85,20213.45,20256.60,20111.13,11.69K,0.11
"Jul 18, 2013",20128.41,19999.51,20176.90,19956.20,9.74K,0.90
"Jul 17, 2013",19948.73,19928.95,19983.22,19778.54,10.45K,0.49
"Jul 16, 2013",19851.23,19788.09,19890.63,19649.58,8.05K,-0.91
"Jul 15, 2013",20034.48,19926.10,20072.44,19883.19,7.00K,0.38
"Jul 12, 2013",19958.47,19898.69,19991.94,19785.59,7.59K,1.44
"Jul 11, 2013",19676.06,19468.46,19723.51,19468.46,8.37K,1.98
"Jul 10, 2013",19294.12,19482.66,19505.93,19237.91,7.90K,-0.75
"Jul 09, 2013",19439.48,19399.37,19486.00,19380.25,6.57K,0.59
"Jul 08, 2013",19324.77,19418.98,19422.69,19185.92,8.40K,-0.88
"Jul 05, 2013",19495.82,19568.79,19640.27,19477.74,10.05K,0.44
"Jul 04, 2013",19410.84,19256.12,19445.02,19245.01,9.60K,1.22
"Jul 03, 2013",19177.76,19347.11,19347.11,19147.31,9.54K,-1.47
"Jul 02, 2013",19463.82,19573.93,19589.14,19442.75,9.16K,-0.58
"Jul 01, 2013",19577.39,19352.48,19598.43,19347.57,8.54K,0.94
"Jun 28, 2013",19395.81,19093.18,19432.94,19093.18,14.07K,2.75
"Jun 27, 2013",18875.95,18716.11,18925.75,18688.28,9.91K,1.75
"Jun 26, 2013",18552.12,18662.37,18690.50,18514.35,9.16K,-0.41
"Jun 25, 2013",18629.15,18602.25,18802.31,18487.30,10.83K,0.48
"Jun 24, 2013",18540.89,18714.06,18714.06,18467.16,11.13K,-1.24
"Jun 21, 2013",18774.24,18695.80,18820.81,18615.14,14.70K,0.29
"Jun 20, 2013",18719.29,19069.20,19069.20,18687.19,14.26K,-2.74
"Jun 19, 2013",19245.70,19224.09,19274.26,19100.13,10.50K,0.12
"Jun 18, 2013",19223.28,19329.17,19383.61,19191.37,8.64K,-0.53
"Jun 17, 2013",19325.87,19249.90,19344.28,19084.68,7.01K,0.77
"Jun 14, 2013",19177.93,18959.83,19213.10,18952.09,10.34K,1.86
"Jun 13, 2013",18827.16,18897.49,18914.13,18765.53,13.19K,-1.12
"Jun 12, 2013",19041.13,19103.96,19143.24,18969.08,10.76K,-0.53
"Jun 11, 2013",19143.00,19382.22,19418.74,19121.18,14.21K,-1.53
"Jun 10, 2013",19441.07,19530.35,19585.75,19366.82,6.42K,0.06
"Jun 07, 2013",19429.23,19522.31,19711.55,19397.51,7.05K,-0.46
"Jun 06, 2013",19519.49,19503.68,19635.37,19395.32,6.67K,-0.25
"Jun 05, 2013",19568.22,19532.42,19604.43,19441.35,5.63K,0.11
"Jun 04, 2013",19545.78,19605.68,19742.70,19522.47,5.99K,-0.33
"Jun 03, 2013",19610.48,19859.22,19860.19,19541.97,7.31K,-0.76
"May 31, 2013",19760.30,20186.67,20191.29,19730.55,9.46K,-2.25
"May 30, 2013",20215.40,20066.94,20254.03,20066.14,9.50K,0.34
"May 29, 2013",20147.64,20202.51,20216.49,20044.74,7.91K,-0.07
"May 28, 2013",20160.82,20056.28,20209.82,19963.23,8.68K,0.65
"May 27, 2013",20030.77,19750.67,20083.47,19678.31,8.15K,1.66
"May 24, 2013",19704.33,19765.32,19833.14,19568.49,10.92K,0.15
"May 23, 2013",19674.33,19971.37,20027.56,19634.79,15.53K,-1.93
"May 22, 2013",20062.24,20150.69,20220.35,20000.86,7.65K,-0.25
"May 21, 2013",20111.61,20227.17,20308.04,20072.68,15.64K,-0.56
"May 20, 2013",20223.98,20277.76,20443.62,20186.66,6.84K,-0.31
"May 17, 2013",20286.12,20267.60,20328.19,20155.01,8.10K,0.19
"May 16, 2013",20247.33,20167.93,20326.48,20162.12,9.62K,0.17
"May 15, 2013",20212.96,19798.18,20241.96,19798.18,9.11K,2.49
"May 14, 2013",19722.29,19715.80,19831.79,19652.69,7.14K,0.16
"May 13, 2013",19691.67,20073.41,20109.08,19667.39,6.53K,-2.14
"May 11, 2013",20122.32,20091.93,20146.83,20055.18,0.60K,0.20
"May 10, 2013",20082.62,19911.08,20119.14,19908.80,7.94K,0.72
"May 09, 2013",19939.04,20015.86,20058.48,19903.83,5.82K,-0.26
"May 08, 2013",19990.18,19950.22,20037.27,19851.22,6.11K,0.51
"May 07, 2013",19888.95,19697.33,19917.88,19697.33,8.25K,1.09
"May 06, 2013",19673.64,19571.66,19694.29,19554.31,7.89K,0.50
"May 03, 2013",19575.64,19707.95,19744.85,19542.63,11.56K,-0.81
"May 02, 2013",19735.77,19459.33,19792.00,19451.26,9.31K,1.19
"Apr 30, 2013",19504.18,19492.83,19622.68,19317.38,13.37K,0.60
"Apr 29, 2013",19387.50,19306.67,19428.94,19284.40,9.13K,0.52
"Apr 26, 2013",19286.72,19376.00,19384.95,19249.75,9.52K,-0.62
"Apr 25, 2013",19406.85,19192.11,19434.85,19192.11,10.19K,1.19
"Apr 23, 2013",19179.36,19210.26,19210.26,19042.08,8.47K,0.05
"Apr 22, 2013",19169.83,18989.78,19204.90,18989.78,8.59K,0.81
"Apr 18, 2013",19016.46,18695.34,19058.80,18691.61,9.98K,1.52
"Apr 17, 2013",18731.16,18773.45,18869.88,18673.44,10.91K,-0.07
"Apr 16, 2013",18744.93,18356.32,18771.33,18325.73,9.34K,2.11
"Apr 15, 2013",18357.80,18196.09,18424.40,18144.22,9.29K,0.63
"Apr 12, 2013",18242.56,18275.66,18337.91,18186.10,9.44K,-1.62
"Apr 11, 2013",18542.20,18577.52,18599.14,18397.94,8.33K,0.69
"Apr 10, 2013",18414.45,18355.14,18461.44,18173.31,7.96K,1.03
"Apr 09, 2013",18226.48,18481.47,18565.56,18206.61,10.60K,-1.15
"Apr 08, 2013",18437.78,18455.80,18504.48,18402.93,7.58K,-0.07
"Apr 05, 2013",18450.23,18493.67,18525.45,18389.29,7.94K,-0.32
"Apr 04, 2013",18509.70,18731.38,18733.62,18473.85,8.35K,-1.55
"Apr 03, 2013",18801.64,19034.00,19035.20,18721.72,7.70K,-1.26
"Apr 02, 2013",19040.95,18863.82,19060.51,18826.53,8.29K,0.93
"Apr 01, 2013",18864.75,18890.81,18959.48,18796.60,8.43K,0.15
"Mar 28, 2013",18835.77,18702.46,18882.54,18568.43,14.67K,0.70
"Mar 26, 2013",18704.53,18645.09,18758.88,18612.37,11.92K,0.12
"Mar 25, 2013",18681.42,18894.13,18950.22,18654.61,12.14K,-0.29
"Mar 22, 2013",18735.60,18784.93,18859.82,18669.20,13.53K,-0.30
"Mar 21, 2013",18792.87,18926.21,19082.29,18756.65,12.49K,-0.48
"Mar 20, 2013",18884.19,19026.46,19028.09,18836.77,11.09K,-0.65
"Mar 19, 2013",19008.10,19345.91,19378.61,18939.47,12.67K,-1.48
"Mar 18, 2013",19293.20,19282.63,19345.42,19232.23,7.46K,-0.69
"Mar 15, 2013",19427.56,19570.01,19673.16,19383.13,10.21K,-0.73
"Mar 14, 2013",19570.44,19367.26,19604.70,19179.33,11.15K,1.07
"Mar 13, 2013",19362.55,19511.97,19511.97,19338.52,8.20K,-1.03
"Mar 12, 2013",19564.92,19675.81,19697.84,19505.75,7.61K,-0.41
"Mar 11, 2013",19646.21,19679.88,19754.66,19602.71,7.48K,-0.19
"Mar 08, 2013",19683.23,19478.67,19706.03,19477.61,10.01K,1.39
"Mar 07, 2013",19413.54,19222.05,19465.52,19212.92,8.84K,0.84
"Mar 06, 2013",19252.61,19254.20,19293.39,19195.47,9.49K,0.57
"Mar 05, 2013",19143.17,18943.62,19164.04,18943.62,9.40K,1.40
"Mar 04, 2013",18877.96,18920.90,18930.86,18760.41,7.65K,-0.21
"Mar 01, 2013",18918.52,18876.68,18988.97,18820.90,8.45K,0.30
"Feb 28, 2013",18861.54,19264.80,19322.28,18793.97,14.86K,-1.52
"Feb 27, 2013",19152.41,19090.32,19213.02,18997.82,8.49K,0.72
"Feb 26, 2013",19015.14,19290.66,19293.49,18976.94,9.22K,-1.64
"Feb 25, 2013",19331.69,19365.33,19411.18,19237.98,7.84K,0.08
"Feb 22, 2013",19317.01,19341.90,19401.75,19289.83,7.61K,-0.04
"Feb 21, 2013",19325.36,19549.05,19554.65,19289.70,12.45K,-1.62
"Feb 20, 2013",19642.75,19717.94,19742.42,19619.89,6.84K,0.04
"Feb 19, 2013",19635.72,19523.70,19671.17,19457.21,5.73K,0.69
"Feb 18, 2013",19501.08,19496.25,19554.48,19462.92,5.93K,0.17
"Feb 15, 2013",19468.15,19449.83,19512.89,19381.82,7.67K,-0.15
"Feb 14, 2013",19497.18,19626.81,19639.83,19444.33,9.93K,-0.57
"Feb 13, 2013",19608.08,19601.69,19723.01,19574.15,8.05K,0.24
"Feb 12, 2013",19561.04,19489.87,19583.53,19438.53,6.86K,0.52
"Feb 11, 2013",19460.57,19517.59,19543.44,19416.94,7.14K,-0.12
"Feb 08, 2013",19484.77,19577.19,19648.07,19414.80,14.15K,-0.49
"Feb 07, 2013",19580.32,19589.44,19702.56,19540.08,8.94K,-0.30
"Feb 06, 2013",19639.72,19737.77,19767.25,19611.27,7.13K,-0.10
"Feb 05, 2013",19659.82,19665.54,19717.26,19631.97,7.87K,-0.46
"Feb 04, 2013",19751.19,19860.97,19902.60,19728.21,6.78K,-0.15
"Feb 01, 2013",19781.19,19907.21,19966.69,19736.45,16.30K,-0.57
"Jan 31, 2013",19894.98,19987.28,20008.83,19865.72,8.36K,-0.55
"Jan 30, 2013",20005.00,20014.80,20073.46,19964.64,9.17K,0.07
"Jan 29, 2013",19990.90,20080.31,20203.66,19970.05,8.93K,-0.56
"Jan 28, 2013",20103.35,20129.00,20172.45,20062.79,6.86K,0.00
"Jan 25, 2013",20103.53,19945.69,20129.01,19928.11,12.05K,0.90
"Jan 24, 2013",19923.78,20017.20,20072.28,19884.20,12.05K,-0.51
"Jan 23, 2013",20026.61,19997.04,20058.07,19920.91,10.29K,0.23
"Jan 22, 2013",19981.57,20102.43,20156.86,19952.91,8.51K,-0.60
"Jan 21, 2013",20101.82,20132.83,20163.38,20056.46,11.34K,0.31
"Jan 18, 2013",20039.04,20038.67,20126.55,19990.62,14.61K,0.38
"Jan 17, 2013",19964.03,19846.42,20005.98,19783.41,11.85K,0.74
"Jan 16, 2013",19817.63,19978.19,20009.36,19783.02,8.50K,-0.85
"Jan 15, 2013",19986.82,19999.82,20036.82,19881.78,9.62K,0.40
"Jan 14, 2013",19906.41,19689.09,19948.63,19689.09,8.81K,1.23
"Jan 11, 2013",19663.64,19813.64,19839.80,19619.83,9.96K,0.00
"Jan 10, 2013",19663.55,19728.02,19783.75,19596.38,9.27K,-0.02
"Jan 09, 2013",19666.59,19770.21,19824.06,19627.16,9.52K,-0.38
"Jan 08, 2013",19742.52,19681.38,19761.78,19632.59,7.36K,0.26
"Jan 07, 2013",19691.42,19820.56,19856.43,19654.46,7.33K,-0.47
"Jan 04, 2013",19784.08,19782.59,19797.44,19679.99,6.95K,0.10
"Jan 03, 2013",19764.78,19771.03,19786.30,19693.29,6.54K,0.26
"Jan 02, 2013",19714.24,19693.30,19756.68,19686.50,7.42K,0.68
"Jan 01, 2013",19580.81,19513.45,19623.76,19508.93,6.12K,0.79
